author_uri,name,orcid,wikidata,wikispecies,researchgate,zoobank
a-koehler,A Koehler,0000-0001-8330-6416,Q39477724,,,
b-danis,B Danis,,,,,
s-t-ahyong,S T Ahyong,0000-0002-2820-4158,Q21076178,Shane_T._Ahyong,Shane_Ahyong,A2FA5277-AC67-4E2E-9FF5-34C3F37F7FF7
m-t-aguado,M T Aguado,0000-0002-5583-7516,Q21340131,María_Teresa_Aguado,M_Teresa_Aguado,
r-d-adlard,R D Adlard,,,,,
h-paxton,H Paxton,,Q21394099,Hannelore_Paxton,,
g-cassis,G Cassis,,Q21340560,Gerasimos_Cassis,Gerasimos_Cassis,
j-a-gillis,J A Gillis,,,,,
t-h-cribb,T H Cribb,0000-0003-1092-9705,Q22111942,Thomas_H._Cribb,Thomas_Cribb,325DB589-56F9-4F65-A456-A0AA4A0A39FD
t-j-artois,T J Artois,0000-0002-2491-7273,Q43211306,,,
w-de-ridder,W De Ridder,,,,,
e-d-edwards,E D Edwards,,,,,
i--beveridge,I  Beveridge,,,,,
r-adlard,R Adlard,,,,,
l-masner,L Masner,,,,,
p-greenslade,P Greenslade,,,,,
t-m-gosliner,T M Gosliner,,,,,
m-f-whiting,M F Whiting,,,,,
k-a-hall,K A Hall,0000-0002-8785-4513,,,,
m-j-fletcher,M J Fletcher,,Q21338974,Murray_J._Fletcher,Murray_Fletcher,0A32B354-AE50-4262-809B-C136E7957881
a-i-camacho,A I Camacho,0000-0003-0596-7678,Q54536649,,,
j-taylor,J Taylor,,,,,
e-van-mulken,E Van Mulken,,,,,
m-m-summers,M M Summers,0000-0002-1703-4464,Q30062928,Mindi_M._Summers,Mindi_Summers,
s-van-dyck,S Van Dyck,,,,,
j-t-jennings,J T Jennings,,Q21073938,John_T._Jennings,,55C216C3-F90E-4670-81FD-93C6F36B9A37
t-h--cribb,T H  Cribb,0000-0003-1092-9705,Q22111942,Thomas_H._Cribb,Thomas_Cribb,325DB589-56F9-4F65-A456-A0AA4A0A39FD
p-jaloszynski,P Jaloszynski,0000-0003-2973-1803,Q20829482,Paweł_Jałoszyński,Pawel_Jaloszynski,
j-kontschan,J Kontschan,,,,,
u-jondelius,U Jondelius,0000-0003-2847-2192,Q54510504,,,
d-jennings,D Jennings,,,,,
e-h-borneman,E H Borneman,,,,,
i-beveridge,I Beveridge,,,,,
d-l-edwards,D L Edwards,0000-0002-1165-4427,Q54583640,Danielle_L._Edwards,,
j-d-taylor,J D Taylor,,,,,
c-k-taylor,C K Taylor,,Q22113842,Christopher_K._Taylor,,E3E5CF0B-8C80-477E-8ED6-F78242F8D06F
a-slipinski,A Slipinski,,Q21061406,Stanislaw_Adam_Ślipiński,Adam_Slipinski,7FFEE5AC-4E2B-4B68-81B6-60E250E4332D
j-d-j-gilbert,J D J Gilbert,0000-0001-7014-2803,Q59545097,,,
m-a-davis,M A Davis,,,,,
a-v-koehler,A V Koehler,0000-0001-8330-6416,Q39477724,,,
t-karanovic,T Karanovic,,,,,
m-casu,M Casu,,,,,
m-curini-galletti,M Curini Galletti,,,,,
r-e-billings,R E Billings,,,,,
t-artois,T Artois,0000-0002-2491-7273,Q43211306,,,
r-w-taylor,R W Taylor,,Q22112060,Robert_W._Taylor,,
t-huyse,T Huyse,,,,,
m--c-lariviere,M  C Lariviere,0000-0003-3416-1286,Q21339329,Marie-Claude_Larivière,Marie-Claude_Lariviere,64A2AE43-5457-4CB0-9172-5D67FE03D74C
b-sikora,B Sikora,,Q22109013,Bożena_Sikora,,
g-s-taylor,G S Taylor,,Q22102496,Gary_S._Taylor,,331F4CE7-6C48-442E-B7A9-CFFC9DB0B2AC
j-poorani,J Poorani,,,,,
c-a-car,C A Car,,Q21502648,Catherine_A._Car,,8C425D2C-EF55-4DCC-A3E6-E4901E6A4A99
i-karanovic,I Karanovic,,,Karanovic,,
l-e-hughes,L E Hughes,,Q21390325,Lauren_E._Hughes,,
t-edwards,T Edwards,,Q25662560,Ted_Edwards,,
c-s-hickman,C S Hickman,,,,,
lauren-e-hughes,Lauren E Hughes,,,,,
z-r-hamilton,Z R Hamilton,,,,,
h-i-jones,H I Jones,,,,,
t-sato,T Sato,,,,,
i-d-whittington,I D Whittington,,,,,
r-palmer,R Palmer,,,,,
s-ahyong,S Ahyong,0000-0002-2820-4158,Q21076178,Shane_T._Ahyong,Shane_Ahyong,A2FA5277-AC67-4E2E-9FF5-34C3F37F7FF7
c-m-palmer,C M Palmer,,,,,
s-l-cameron,S L Cameron,0000-0002-6694-4130,Q22111728,Stephen_L._Cameron,Stephen_Cameron2,37FBEF35-0377-4CCC-99F4-C79DF7078824
m-horak,M Horak,,Q21341518,Marianne_Horak,,
r-c-a-thompson,R C A Thompson,,,,,
e-lee,E Lee,,,,,
c--y-lee,C  Y Lee,,,,,
s--g-lee,S  G Lee,,,,,
t--m-lee,T  M Lee,,Q31583762,Tse-Min_Lee,,
c-h-scholtz,C H Scholtz,,Q22114156,Clarke_H._Scholtz,Clarke_Scholtz,1E7871A5-9951-48EB-AEBB-5D7B3FC142DC
g-baker,G Baker,,,,,
a-m-baker,A M Baker,,,,,
e-p-martens,E P Martens,,,,,
m-s-y-lee,M S Y Lee,,,,,
t-r-c-lee,T R C Lee,0000-0003-2839-3873,,,,
c-k-thompson,C K Thompson,,,,,
k-thomas,K Thomas,,,,,
w-k--thomas,W K  Thomas,,,,,
m-e-spencer,M E Spencer,,,,,
m-c-sands,M C Sands,,,,,
g-taylor,G Taylor,,,,,
r-thompson,R Thompson,0000-0002-5287-2455,Q30505103,,,
c-e-meyer,C E Meyer,,,,,
t--karanovic,T  Karanovic,,,,,
c--cassis,C  Cassis,,Q21340560,Gerasimos_Cassis,Gerasimos_Cassis,
g--cassis,G  Cassis,,,,,
j-gorczyca,J Gorczyca,,Q22112036,Jacek_Gorczyca,,
r-d--adlard,R D  Adlard,,,,,
s-richter,S Richter,,,,,
a-wallberg,A Wallberg,0000-0002-9081-9663,Q54510465,,,
g-d-f-wilson,G D F Wilson,,,,,
r-t-schuh,R T Schuh,,Q23069045,Randall_Tobias_Schuh,,C089E9E8-9795-46A5-A088-1332BA83A839
x--j-wang,X  J Wang,,,,,
m-r-s-melo,M R S Melo,,,,,
m-p-davis,M P Davis,,,,,
g-r-allen,G R Allen,,,,,
r-r-wang,R R Wang,,,,,
d-marquina,D Marquina,,Q22108686,Daniel_Marquina,,
d-t-j-littlewood,D T J Littlewood,,,,,
p-a-hutchings,P A Hutchings,,Q21390882,Pat_A._Hutchings,,
k-worsaae,K Worsaae,0000-0003-0443-4298,Q21340437,Katrine_Worsaae,,
n-g-wilson,N G Wilson,,,,,
r-wilson,R Wilson,,,,,
f-c-thompson,F C Thompson,,,,,
j-e-winston,J E Winston,,,,,
r-winterbottom,R Winterbottom,,,,,
s-thomson,S Thomson,0000-0003-1279-2722,Q19842825,Scott_Thomson,Scott_Thomson5,57847BF7-3A48-48E6-87FA-586073B4D66E
a-b-marion,A B Marion,,Q21502877,Angela_B._Marion,,
r-s-wilson,R S Wilson,,Q22102856,Robin_S._Wilson,,
g-w-wilson,G W Wilson,,Q25796485,G.W._Wilson,,
b-e-jones,B E Jones,,,,,
d-a-staples,D A Staples,,,,,
t-l-miller,T L Miller,,,,,
k-b-miller,K B Miller,,,,,
h-j-weaver,H J Weaver,,Q21390007,Haylee_J._Weaver,,
j-m-wang,J M Wang,,Q21392635,Jian-Ming_Wang,,
s-ward,S Ward,,,,,
t-schuh,T Schuh,,,,,
e-l-searle,E L Searle,,,,,
y-wang,Y Wang,,,,,
r-schuh,R Schuh,,,,,
s-pichelin,S Pichelin,0000-0002-6097-0696,Q54603590,,,
e-meyer,E Meyer,,,,,
r-arnold,R Arnold,,,,,
r-j-arnold,R J Arnold,,,,,
k-fauchald,K Fauchald,,,,,
m-baehr,M Baehr,,Q15298681,Martin_Baehr,,583A58DD-6143-4C71-9018-C9709884B29C
g-wilson,G Wilson,,,,,
i-whittington,I Whittington,,,,,
s-k-wilson,S K Wilson,,Q22112412,Steve_K._Wilson,,
m-b-bennett,M B Bennett,0000-0001-8051-0040,Q30511964,,,
s-a-wilcox,S A Wilcox,,,,,
o-f--anderson,O F  Anderson,,,,,
c-h--baker,C H  Baker,,,,,
a-zwick,A Zwick,,,,,
c-m-baker,C M Baker,,,,,
t-bruce,T Bruce,,,,,
c-norena,C Noreña,0000-0002-4580-7460,Q21393995,Carolina_Noreña,,
d-g-reid,D G Reid,,,,,
k-a-rawlinson,K A Rawlinson,,,,,
y-ben-dov,Y Ben Dov,,Q21338695,Yair_Ben-Dov,,
a-j-bruce,A J Bruce,,Q16938191,Alexander_James_Bruce,,
g-gibbs,G Gibbs,,,,,
b-c-baehr,B C Baehr,,Q2883901,Barbara_C._Baehr,Barbara_Baehr,CFAFC574-5691-4A77-AF0C-E6B8B0563340
g-w-gibbs,G W Gibbs,,,,,
a-murray,A Murray,,Q21340278,Anna_Murray,,
n-revis,N Revis,,,,,
c-a-m-reid,C A M Reid,,Q22107651,Chris_A.M._Reid,,
f-s-ceccarelli,F S Ceccarelli,,,,,
j--f-landry,J  F Landry,,,,,
m-j-andres,M J Andres,,,,,
p-j-f-davie,P J F Davie,,,,,
g-j-anderson,G J Anderson,,,,,
a-reid,A Reid,,,,,
s-a-reid,S A Reid,0000-0002-6103-4429,Q41115376,,,
m-j-neave,M J Neave,,,,,
k-miller,K Miller,,,,,
a-mitchell,A Mitchell,0000-0001-5022-5898,Q54310554,,,
k-d-mitchell,K D Mitchell,,,,,
e-g-matthews,E G Matthews,,Q22110709,Eric_G._Matthews,Eric_Matthews2,4E37ED29-D021-4CA1-89F3-07D947D633BC
r-b-miller,R B Miller,,,,,
k-martens,K Martens,0000-0001-8680-973X,Q21388496,Koen_Martens,,9272757B-A9E5-4C94-B28D-F5EFF32AADC7
n-l-bruce,N L Bruce,,Q21341599,Niel_L._Bruce,Niel_Bruce,
d-g-fautin,D G Fautin,,,,,
d-h-colless,D H Colless,,,,,
d-j-bray,D J Bray,,,,,
j-h-choat,J H Choat,,,,,
k-d-clements,K D Clements,0000-0001-8512-5977,Q54553921,,,
e-p-schockaert,E P Schockaert,,,,,
e-r-schockaert,E R Schockaert,,,,,
j-p-o'connor,J P O'connor,,,,,
j-g-mitchell,J G Mitchell,,,,,
b-n-reid,B N Reid,,,,,
k-r-pullen,K R Pullen,,,,,
h-g-cogger,H G Cogger,,,,,
m-adams,M Adams,0000-0002-5737-5474,Q57207582,Mark_Adams,,
j-g-nielsen,J G Nielsen,,,,,
j-r-woodward,J R Woodward,,,,,
k-a-davies,K A Davies,,Q21502816,Kerrie_Ann_Davies,,
t-m-collins,T M Collins,,,,,
m-i-stevens,M I Stevens,,Q22110184,Mark_I._Stevens,,D79BF9AB-5C96-48B1-9764-92185BFA6CDC
b-tessens,B Tessens,,,,,
m-stevens,M Stevens,,Q21774043,Mark_Stevens,,5D35CBE5-19ED-4B34-B61C-BA1C32D9AC86
e-a-glover,E A Glover,,,,,
r-a-bray,R A Bray,,,,,
h-m-morrison,H M Morrison,,,,,
m-f-gomon,M F Gomon,0000-0002-8224-0336,Q21340651,Martin_F._Gomon,,
j-bruce,J Bruce,,,,,
b-k-k-chan,B K K Chan,0000-0001-9479-024X,Q54693114,Benny_Kwok-Kan_Chan,,
r-g-booth,R G Booth,,,,,
l-b-bruce,L B Bruce,,,,,
o-merkl,O Merkl,,,,,
p-bouchet,P Bouchet,,,,,
m-f-day,M F Day,,,,,
m-i--stevens,M I  Stevens,,,,,
m-a-schneider,M A Schneider,,,,,
m-d-schwartz,M D Schwartz,,,,,
b-s-galil,B S Galil,,,,,
c-a-schmidt,C A Schmidt,,,,,
b-k-schmidt,B K Schmidt,,,,,
n-stevens,N Stevens,,,,,
d-i-gibson,D I Gibson,,,,,
p-hutchings,P Hutchings,,Q21390882,Pat_A._Hutchings,,
j-d-holloway,J D Holloway,,,,,
j-d-dibattista,J D Dibattista,,,,,
m-v-erdmann,M V Erdmann,,,,,
j-a--bell,J A  Bell,0000-0001-9146-4318,Q56792827,,,
o-griffiths,O Griffiths,,,,,
d-a-craig,D A Craig,,Q21394101,Douglas_Abercrombie_McBeath_Craig,,F3601191-AACD-465E-B8E6-7F74F1C882D2
l-g-cook,L G Cook,0000-0002-3172-4920,Q37838944,Lyn_G._Cook,,
s-j-newman,S J Newman,0000-0002-5324-5568,Q57266182,Stephen_J._Newman,,
s-schmidt,S Schmidt,,,,,
t-sasaki,T Sasaki,,,,,
n-b-stevens,N B Stevens,,,,,
m-robinson,M Robinson,,,,,
a-j-davies,A J Davies,,,,,
a-cox,A Cox,,,,,
k-davies,K Davies,,,,,
j-w-johnson,J W Johnson,,,,,
p-c-heemstra,P C Heemstra,,,,,
r-burn,R Burn,,,,,
m-v--erdmann,M V  Erdmann,,,,,
a-k-walker,A K Walker,,Q21391730,Annette_K._Walker,,CBB90116-6363-4D9C-A120-A81BDD75992C
j-a-walker,J A Walker,,,,,
p-zwick,P Zwick,,Q22110901,Peter_Zwick,,
g-d-johnson,G D Johnson,,,,,
p-last,P Last,,,,,
t-kondo,T Kondo,,,,,
d-c-main,D C Main,,Q29560834,Dean_Main,,
d-l-warren,D L Warren,,,Dan_L._Warren,,
r-webster,R Webster,,,Rachel_Webster,,
c-watson,C Watson,,Q21503054,Charlotte_Watson,,
d-m-watson,D M Watson,0000-0003-1821-4632,Q57451751,,,
j-e-watson,J E Watson,,,,,
p-r-last,P R Last,,,,,
v-kessner,V Kessner,,,,,
f-kohler,F Köhler,0000-0001-7150-6509,Q22112181,Frank_K%C3%B6hler,Frank_Koehler,894CAF22-EF95-445C-A6A1-CF34EEF4E1DC
k-e-carpenter,K E Carpenter,,,,,
b-l-webster,B L Webster,,,,,
g-c-williams,G C Williams,,,,,
n-van-steenkiste,N Van Steenkiste,,,,,
a-b-black,A B Black,,Q23068731,Andrew_B._Black,,
a-black,A Black,,,,,
g-a-carpenter,G A Carpenter,,,,,
m-s-johnson,M S Johnson,,,,,
j-j-shaw,J J Shaw,,Q27973452,Josh_Jenkins_Shaw,,
w-willems,W Willems,,,,,
r-s-williams,R S Williams,,,,,
s-t-williams,S T Williams,0000-0003-2995-5823,Q48055777,,,
a-williams,A Williams,,,,,
b-y-main,B Y Main,,,,,
d-f-hoese,D F Hoese,,,,,
d-g-johnson,D G Johnson,,,,,
r-p-hobbs,R P Hobbs,,,,,
n-b-hardy,N B Hardy,0000-0002-3172-4920,Q37838944,,,
n-hardy,N Hardy,,,,,
m-a-alonso-zarazaga,M A Alonso-Zarazaga,0000-0002-6991-0980,Q57265693,Miguel_Angel_Alonso-Zarazaga,,EA3695DA-2C2E-4021-95CB-11D24ED253F0
m-j-blacket,M J Blacket,0000-0001-7864-5712,Q43144538,,,
d-c-f-rentz,D C F Rentz,,Q21340069,David_C.F._Rentz,,
g--q-liu,G  Q Liu,,,,,
h-k-larson,H K Larson,,,,,
m-c-mcdowell,M C Mcdowell,,,,,
d-main,D Main,,,,,
m-b-martin,M B Martin,,Q22105748,Melissa_B._Martin,,
s-t-maddock,S T Maddock,0000-0002-5455-6990,Q54802852,Simon_T._Maddock,,
p-l-last,P L Last,,,,,
n-f-johnson,N F Johnson,,,,,
p-mcmillan,P Mcmillan,,,,,
r-fricke,R Fricke,,,,,
f-scott,F Scott,,,,,
z-s-song,Z S Song,,,,,
m-d-shaw,M D Shaw,,,,,
i-burghardt,I Burghardt,,,,,
z-liu,Z Liu,,,,,
y-liu,Y Liu,,,Yang_Liu_(Hemiptera),,
d-liu,D Liu,,Q22105235,Dong_Liu,Dong_Liu36,D8122D41-71C3-4CE9-BCCC-0E382940FB8D
d-j-williams,D J Williams,,,David_J._Williams,,
g-martin,G Martin,0000-0001-6350-7384,Q42841364,,,
d-martin,D Martin,,,,,
s-l-winterton,S L Winterton,,Q21340434,Shaun_L._Winterton,,37F5AC48-EC3A-47ED-902B-2BD1467CCA72
y-n-su,Y N Su,,Q21341639,You_Ning_Su,,
m-w-brown,M W Brown,0000-0002-1254-0608,Q17828224,,,
s-s-godfrey,S S Godfrey,0000-0003-1014-4684,Q57158673,,,
m-r-gray,M R Gray,,,,,
a-a-e-williams,A A E Williams,,,,,
a-a-myers,A A Myers,,,,,
k-r-mcdonald,K R Mcdonald,,Q22110845,Keith_McDonald,,
g-m-shea,G M Shea,,Q22105609,Glenn_M._Shea,,
k-smith,K Smith,,,,,
t-f-houston,T F Houston,,,,,
j-martin,J Martin,,Q22105010,Jon_Martin,,
i-eeckhaut,I Eeckhaut,,,,,
m-di-domenico,M Di Domenico,,,,,
j-e-randall,J E Randall,,,,,
r-h-kuiter,R H Kuiter,,,,,
n-j-tatarnic,N J Tatarnic,0000-0001-8641-4412,,,,
w-r-barker,W R Barker,,,,,
b-wiegmann,B Wiegmann,,,,,
g-wishart,G Wishart,,,,,
m-r-williams,M R Williams,,,,,
b-t-brown,B T Brown,,,,,
g-brown,G Brown,,,Grahan_Brown,,
d-potter,D Potter,,,,,
m-r-shaw,M R Shaw,,,,,
s-j-richards,S J Richards,,Q3498579,Stephen_J._Richards,,
y-f-ng,Y F Ng,,,,,
c-o-coleman,C O Coleman,,,,,
y-fukui,Y Fukui,,Q21503171,Yoshino_Fukui,,
r-a-coleman,R A Coleman,,Q21394335,Rhys_A._Coleman,,
a-wells,A Wells,,Q22111695,Alice_Wells,Alice_Wells,
m-bryce,M Bryce,,Q21395442,Monika_Bryce,,
d-s-chandler,D S Chandler,,Q5295100,Donald_S._Chandler,,7F26DCB4-7312-4ACF-9226-81E6E535C72D
g-j-edgar,G J Edgar,0000-0003-0833-9001,Q42033634,Graham_J._Edgar,,
r-myers,R Myers,,,,,
a-l-crowther,A L Crowther,,,,,
n-tatarnic,N Tatarnic,0000-0001-8641-4412,,,,
s-l--winterton,S L  Winterton,,Q21340434,Shaun_L._Winterton,,37F5AC48-EC3A-47ED-902B-2BD1467CCA72
d-g-barker,D G Barker,,,,,
t-m-barker,T M Barker,,,,,
m-j--blacket,M J  Blacket,,,,,
m-shea,M Shea,,,,,
p-k-l-ng,P K L Ng,,,,,
d-brown,D Brown,,,,,
l-g--brown,L G  Brown,,,,,
l-g-brown,L G Brown,,,,,
b-brown,B Brown,,,,,
s-s-brown,S S Brown,,,,,
w-f-ponder,W F Ponder,,,,,
a-martinez,A Martinez,,,,,
d-lanterbecq,D Lanterbecq,,,,,
r-caldara,R Caldara,,,,,
c-j-glasby,C J Glasby,,Q21393637,Christopher_J._Glasby,,
y-m-linton,Y M Linton,,,,,
j-n-a-hooper,J N A Hooper,0000-0003-1722-5954,Q54663393,,,
j-just,J Just,,Q18002796,Jean_Just,Jean_Just2,
g-r-brown,G R Brown,,,,,
b-g-bush,B G Bush,,,,,
c-glasby,C Glasby,,,,,
a-l-stewart,A L Stewart,,Q22103073,Andrew_L._Stewart,Andrew_Stewart10,
e-l-gray,E L Gray,,,,,
d-m-hooper,D M Hooper,,,,,
a-r-rasmussen,A R Rasmussen,0000-0001-5454-4423,Q42775088,,,
h-e-escalona,H E Escalona,,Q21339759,Hermes_E._Escalona,,
h-escalona,H Escalona,,,,,
w-j-richards,W J Richards,,,,,
s-reader,S Reader,,,,,
l-a-nelson,L A Nelson,,,,,
g-kuschel,G Kuschel,,Q20857723,Guillermo_Kuschel,,239E6CA4-EC6A-4A75-829B-D2EEBA5436D8
c-whisson,C Whisson,,,,,
c-c-wallace,C C Wallace,,,,,
d-harms,D Harms,,,,,
j-fromont,J Fromont,0000-0002-8887-4452,Q27504723,Jane_Fromont,Jane_Fromont,
c-d-roberts,C D Roberts,,,,,
j-d-roberts,J D Roberts,,Q22111933,J._Dale_Roberts,,
b-c-russell,B C Russell,,Q22111100,Barry_C._Russell,,
w-j-richardson,W J Richardson,,,,,
s-potter,S Potter,,,,,
h-m-smith,H M Smith,,,,,
l-smith,L Smith,,,,,
b-j-richardson,B J Richardson,,Q22111123,Barry_J._Richardson,,
g-b-smith,G B Smith,0000-0003-1083-444X,Q58299803,,,
k-l-merrin,K L Merrin,,Q21341257,Kelly_L._Merrin,,
l-r-smales,L R Smales,,Q21341445,Lesley_R._Smales,,67269D7B-69E8-411E-B9CF-C04A2FD47284
r-g-oberprieler,R G Oberprieler,,,,,
g-smith,G Smith,,,,,
g--smith,G  Smith,,,,,
l-a-smith,L A Smith,,Q14565139,Lawrence_A._Smith,,1646F930-B3AF-495D-AEFD-81B6328F7DDC
j-stanisic,J Stanisic,,,,,
h-e-stoddart,H E Stoddart,,,,,
d-g-smith,D G Smith,,,,,
g-shea,G Shea,,,,,
k-russell,K Russell,,,,,
g-w-rouse,G W Rouse,0000-0001-9036-9263,Q21391719,Greg_W._Rouse,,F4AAFAE4-85D9-44CA-8290-E0FC614E1983
p-lana,P Lana,,,,,
x--s-chen,X  S Chen,,Q21337979,Xiang-Sheng_Chen,,D9953BEB-30E6-464A-86F2-F325EA2E4B7C
w-k-thomas,W K Thomas,,,,,
b-russell,B Russell,,,,,
r-yang,R Yang,,,,,
c-s-whisson,C S Whisson,,,,,
m-c-yu,M C Yu,,Q23661093,Meng-Chen_Yu,,
g-w--rouse,G W  Rouse,0000-0001-9036-9263,Q21391719,Greg_W._Rouse,,F4AAFAE4-85D9-44CA-8290-E0FC614E1983
a-d-austin,A D Austin,,Q21339354,Andrew_D._Austin,Andrew_Austin,DE71F924-750D-490D-84A7-F5960066F7CC
b-a-marshall,B A Marshall,,,,,
s-k-oberprieler,S K Oberprieler,,,,,
d-c-marshall,D C Marshall,,,,,
s-a-marshall,S A Marshall,,Q21773205,Stephen_A._Marshall,Stephen_Marshall9,0BBC95DD-0E89-49DC-80BE-E40261E9F5FE
r-j-ellis,R J Ellis,,Q22113512,Ryan_J._Ellis,Ryan_Ellis,
w-f-smith-vaniz,W F Smith Vaniz,,,,,
m-s-harvey,M S Harvey,0000-0003-1482-0109,Q3294240,Mark_Stephen_Harvey,Mark_Harvey2,FF5EBAF3-86E8-4B99-BE2E-A61E44AAEC2C
d-p-a-sands,D P A Sands,,Q21394403,Donald_Peter_Andrew_Sands,,
l-t-miglio,L T Miglio,,,,,
g-worheide,G Wörheide,0000-0002-6380-7421,Q25712856,Gert_W%C3%B6rheide,,
s-l-russell,S L Russell,,,,,
g-c-poore,G C Poore,,,,,
w-t-white,W T White,0000-0001-9705-2453,Q37372073,William_T._White,William_White7,
t-r-schultz,T R Schultz,,,,,
h--wagele,H  Wagele,,,,,
v-w-framenau,V W Framenau,0000-0002-7724-3831,Q54699132,Volker_W._Framenau,,
h-smit,H Smit,,Q21074212,Harry_Smit,,A610019D-74C5-441C-8F01-E39A03622EAE
r-bieler,R Bieler,0000-0002-9554-1947,Q28413073,R%C3%BCdiger_Bieler,,
g-c-b-poore,G C B Poore,,Q21340079,Gary_C.B._Poore,Gary_Poore,
n-wei,N Wei,,,,,
m-v-angel,M V Angel,,,,,
m-harvey,M Harvey,0000-0003-1482-0109,Q3294240,Mark_Stephen_Harvey,Mark_Harvey2,FF5EBAF3-86E8-4B99-BE2E-A61E44AAEC2C
c-b-renaud,C B Renaud,,,,,
t-f-wright,T F Wright,,,,,
r-c-willan,R C Willan,,Q21393064,Richard_C._Willan,,
b-fernholm,B Fernholm,,,,,
y-m-xu,Y M Xu,,,,,
n-v-wei,N V Wei,,,,,
j-k-lowry,J K Lowry,,Q21076181,James_K._Lowry,Jim_Lowry2,43D2C115-D3C7-4C2A-91AE-F9FB4CA0E61C
a-waeschenbach,A Waeschenbach,,,,,
c-a-rohner,C A Rohner,,,,,
d-e-walter,D E Walter,,Q21076220,David_Evans_Walter,,0EBEDE18-C16C-494F-A2F2-D03ED7B2797F
h-wagele,H Wagele,,,,,
l-y-yang,L Y Yang,,,,,
g-s-wheeler,G S Wheeler,,,,,
l--f-yang,L  F Yang,,Q21503156,Lian-Fang_Yang,,
j-vacelet,J Vacelet,,Q21388097,Jean_Vacelet,,
m-huber,M Huber,,,,,
d-m-spratt,D M Spratt,,,,,
j-austin,J Austin,0000-0003-4244-2942,Q30505106,,,
d-l-morgan,D L Morgan,,,,,
a-w-mccallum,A W Mccallum,,,,,
h-h-dijkstra,H H Dijkstra,,,,,
p-dyal,P Dyal,,,,,
c-f-e-roper,C F E Roper,,,,,
s-g-wright,S G Wright,,,,,
t-a-raadik,T A Raadik,,Q22113519,Tarmo_A._Raadik,,
m-m-mincarone,M M Mincarone,0000-0003-0780-7854,Q54504017,,,
g-m-jiang,G M Jiang,,,,,
n-j-smit,N J Smit,0000-0001-7950-193X,Q40619181,,,
r-j-raven,R J Raven,,Q2273486,Robert_John_Raven,Robert_Raven,
m-anstis,M Anstis,,Q21341468,Marion_Anstis,,
t-bertozzi,T Bertozzi,0000-0001-6665-3395,Q42855822,Terry_Bertozzi,,
k-aland,K Aland,,,,,
f-s-b-harvey,F S B Harvey,,,,,
r-t-springthorpe,R T Springthorpe,,Q22106586,R.T._Springthorpe,,
j-a-blake,J A Blake,,,,,
n-v-parin,N V Parin,,,,,
o-gon,O Gon,,,,,
h-dijkstra,H Dijkstra,,,,,
r-raven,R Raven,,,,,
m-e-shackleton,M E Shackleton,,Q22105997,M.E._Shackleton,Michael_Shackleton,
m-shackleton,M Shackleton,,,,,
j-d-reimer,J D Reimer,,,,,
v-v-tkach,V V Tkach,,,,,
r-van-soest,R Van Soest,,,,,
h-b-hines,H B Hines,,Q25443721,Harry_B._Hines,,
a-a-hoffman,A A Hoffman,,Q21394434,Ary_A._Hoffmann,,
m-spies,M Spies,,Q21502770,Martin_Spies,,
f-walsh,F Walsh,,,,,
e-wong,E Wong,,Q21392608,Eunice_Wong,,
z--q-zhang,Z  Q Zhang,0000-0003-4172-0592,Q18642811,Zhi-Qiang_Zhang,,E336A236-0DAF-4B49-8B94-9FBB51D7B183
j-zhang,J Zhang,,,,,
v-v--tkach,V V  Tkach,,,,,
f-zhang,F Zhang,0000-0002-1371-266X,Q15726172,Feng_Zhang,Feng_Zhang38,
m-kelly,M Kelly,,,,,
y-benayahu,Y Benayahu,,,,,
j-m-campbell,J M Campbell,,,,,
i-c-campbell,I C Campbell,0000-0001-9306-3884,,,,
r-a-campbell,R A Campbell,,,,,
r-a-catullo,R A Catullo,0000-0002-1790-7085,Q57319502,,,
s-c-donnellan,S C Donnellan,0000-0002-5448-3226,Q19872955,Stephen_C._Donnellan,Steve_Donnellan,DC7E061E-B69D-4441-AB80-5C45425145D0
s-clulow,S Clulow,0000-0002-5700-6345,Q56330057,Simon_Clulow,,
s-donnellan,S Donnellan,0000-0002-5448-3226,Q19872955,Stephen_C._Donnellan,Steve_Donnellan,DC7E061E-B69D-4441-AB80-5C45425145D0
s-r-catalano,S R Catalano,,Q25443714,Sarah_R._Catalano,,
a-halajian,A Halajian,,,,,
b-b-georgiev,B B Georgiev,,,,,
y-ma,Y Ma,,,,,
a-austin,A Austin,,,,,
b-hurley,B Hurley,,,,,
p-alderslade,P Alderslade,,Q2086022,Philip_Alderslade,Phil_Alderslade,93DC2CBE-C14F-4C64-BBD8-D02572886AB0
j-k-finn,J K Finn,,,,,
a-gillett,A Gillett,,,,,
y--b-zhang,Y  B Zhang,,Q21393677,Yu-Bo_Zhang,,
y-l-zhang,Y L Zhang,,,,,
y-zhang,Y Zhang,,,,,
z-q-zhang,Z Q Zhang,0000-0003-4172-0592,Q18642811,Zhi-Qiang_Zhang,,E336A236-0DAF-4B49-8B94-9FBB51D7B183
a-cairns,A Cairns,,,,,
w-n-eschmeyer,W N Eschmeyer,,,,,
y-iwatsuki,Y Iwatsuki,,Q21337989,Yukio_Iwatsuki,Yukio_Iwatsuki,
j--w-kim,J  W Kim,,,,,
m-short,M Short,,,,,
s-r-peck,S R Peck,,Q25437944,Stephen_R._Peck,,
s-gofas,S Gofas,0000-0002-3141-3700,Q54801204,,,
b-j-pusey,B J Pusey,,Q27189066,Bradley_J._Pusey,,
d-w-burrows,D W Burrows,,Q29605376,Damien_W._Burrows,,
c-simon,C Simon,,,,,
r-robertson,R Robertson,,,,,
s-s-oliveira,S S Oliveira,,,,,
j-f-lawrence,J F Lawrence,,Q21061429,John_F._Lawrence,,5E0EBD0E-5EA3-4304-9914-0D0A4DC52B4E
c-s-mcfadden,C S Mcfadden,,,,,
p-p-sharma,P P Sharma,,Q22108088,Prashant_Sharma,,
j-clarke,J Clarke,,,,,
o-bain,O Bain,,,,,
a-clarke,A Clarke,,,,,
h-pang,H Pang,,Q21503137,Hong_Pang,,9C71F61F-31A9-4296-91A6-B3D67168BD3D
g-a-milledge,G A Milledge,,,,,
g-b-monteith,G B Monteith,,,,,
y-m-zhang,Y M Zhang,,,,,
a-moore,A Moore,,,,,
m-d-moore,M D Moore,,,,,
a-poliseno,A Poliseno,,Q21395448,Angelo_Poliseno,,
b-t-reijnen,B T Reijnen,,,,,
h-dean,H Dean,,,,,
j-svavarsson,J Svavarsson,,,,,
j-w-short,J W Short,,,,,
k-e-schnabel,K E Schnabel,,,,,
s-gerken,S Gerken,,Q21076190,Sarah_Gerken,,E66F6712-241B-44D3-96F5-897E84F0A3D4
t-h-fraser,T H Fraser,,,,,
l-(eds)-christidis,L (Eds) Christidis,,,,,
n-fisher,N Fisher,,,,,
m-janes,M Janes,,,,,
m-kottelat,M Kottelat,,,,,
c-j-hoskin,C J Hoskin,0000-0001-8116-6085,Q18778363,Conrad_J._Hoskin,,EED8012D-6919-4892-9B60-2DA5AA5775FB
c-moritz,C Moritz,,Q16544833,Craig_Moritz,,
n-andreakis,N Andreakis,0000-0001-7120-4279,Q27231628,Nikos_Andreakis,,
w-e-boles,W E Boles,,,,,
s--p-huang,S  P Huang,,,,,
m-j-mahoney,M J Mahoney,,,,,
m-p-hammer,M P Hammer,0000-0002-0981-4647,Q54554260,,,
l-c-price,L C Price,,Q21341286,Luke_C._Price,,
l-price,L Price,,,,,
l-wheaton,L Wheaton,,,,,
g-j-frankham,G J Frankham,0000-0002-0585-6700,Q54517265,Greta_J._Frankham,,
c-c-donnellan,C C Donnellan,0000-0002-5448-3226,Q19872955,Stephen_C._Donnellan,Steve_Donnellan,DC7E061E-B69D-4441-AB80-5C45425145D0
l-p-van-ofwegen,L P Van Ofwegen,,,,,
m-miya,M Miya,,,,,
k-moore,K Moore,,,,,
j-a-moore,J A Moore,0000-0002-0053-3347,Q54553994,Jon_A._Moore,,
e-macpherson,E Macpherson,0000-0003-4849-4532,Q30512371,,,
r-a-king,R A King,0000-0001-8089-7599,Q54530143,Rachael_A._King,,
b-g-m-jamieson,B G M Jamieson,,,,,
c-j-raxworthy,C J Raxworthy,,,,,
f-kraus,F Kraus,,,,,
j-j-l-rowley,J J L Rowley,,Q21390902,Jodi_J._L._Rowley,,
p-couper,P Couper,,,,,
p-doughty,P Doughty,,Q21340993,Paul_Doughty,,
p-j-couper,P J Couper,,Q18778404,Patrick_J._Couper,,4DAF6671-8E40-4C36-83D4-ECEA431C8270
k-green,K Green,,,,,
j-t-huber,J T Huber,,Q21073935,John_Theodore_Huber,,6BE7E99B-9297-437D-A14E-76FEF6011B10
j-kelly,J Kelly,,,,,
l-christidis,L Christidis,,Q3231508,Les_Christidis,,
j-c-markham,J C Markham,,,,,
t-komai,T Komai,,,,,
a-d-elliot,A D Elliot,,,,,
s-j-b--cooper,S J B  Cooper,,,,,
s-j-cooper,S J Cooper,,,,,
c-zhao,C Zhao,,,,,
d-c-price,D C Price,,,,,
z-q-zhao,Z Q Zhao,,Q21503232,Zeng_Qi_Zhao,,F5BEE9FD-801A-49C6-9585-C765EE77A123
g-rosenberg,G Rosenberg,,,,,
v-pereyra,V Pereyra,,,,,
y-mutafchiev,Y Mutafchiev,,,,,
r-l-palma,R L Palma,,,,,
r-i-storey,R I Storey,,,,,
e-o-wiley,E O Wiley,,,,,
s-vargas,S Vargas,,Q22114332,Sergio_Vargas,,
l-a-mound,L A Mound,,Q21045173,Laurence_Alfred_Mound,,F8C73EBD-2010-4154-97CF-109CCBB72AB3
j-w-dooley,J W Dooley,,,,,
u-ryan,U Ryan,,,,,
u-m-ryan,U M Ryan,,,,,
r-foster,R Foster,,Q22107135,Ralph_Foster,,
a-elliot,A Elliot,,,,,
j-t-mackie,J T Mackie,,,,,
p-m-oliver,P M Oliver,,Q3371739,Paul_M._Oliver,,BF7533A5-1A3D-438E-B742-019B522324BE
p-oliver,P Oliver,,,,,
l-mound,L Mound,,,,,
l-a--mound,L A  Mound,,,,,
u-olsson,U Olsson,,,,,
j-k-moulton,J K Moulton,,Q22104399,John_K._Moulton,,
r-t-chesser,R T Chesser,0000-0003-4389-7092,Q21502710,R._Terry_Chesser,,
s-n-j-chapple,S N J Chapple,0000-0002-5817-5378,Q57421453,,,
b-w-low,B W Low,,,,,
h-huang,H Huang,,Q40776647,Hua-Teng_Huang,,
m-e-low,M E Low,,,,,
s-c-webb,S C Webb,,,,,
l-prendini,L Prendini,,,,,
b-g-fry,B G Fry,,,,,
j-m-webb,J M Webb,0000-0002-7266-7192,Q54706173,Jeffrey_M._Webb,,
e-vanderduys,E Vanderduys,,Q25442220,Eric_P._Vanderduys,Eric_Vanderduys2,
r-a-pyron,R A Pyron,0000-0003-2524-1794,Q54513637,Robert_Alexander_Pyron,,
k-sakai,K Sakai,,,,,
f-douglas,F Douglas,,Q23674983,Fabian_Douglas,,
k-r-koch,K R Koch,,,,,
r-c-henderson,R C Henderson,,Q22112740,Rosa_C._Henderson,,93978ED6-3054-48DF-B8C4-541EC7EF75E3
m-halsey,M Halsey,,,,,
h-douglas,H Douglas,,,,,
a-k-dubey,A K Dubey,,,,,
f-stefani,F Stefani,,,,,
r-c-pratt,R C Pratt,,Q25440230,Renae_C._Pratt,,
t-d-price,T D Price,,,,,
p-g-kendrick,P G Kendrick,,,,,
p-gillespie,P Gillespie,,,,,
p-j-lopez-gonzalez,P J López-González,0000-0002-7348-6270,Q30758871,,,
p-s-gillespie,P S Gillespie,,,,,
v-v-ramamurthy,V V Ramamurthy,,,,,
c-l-owen,C L Owen,,,,,
k-owen,K Owen,0000-0002-8986-482X,Q30505100,,,
a-amey,A Amey,,,,,
d-agassiz,D Agassiz,,,,,
c-h-s-watts,C H S Watts,,Q22113711,Chris_H.S._Watts,,
s-hunjan,S Hunjan,,,,,
j-a-hunter,J A Hunter,,,,,
m-cunningham,M Cunningham,,,,,
s-j-b-cooper,S J B Cooper,,Q29109811,Steven_J.B._Cooper,Steven_Cooper9,
j-b-cooper,J B Cooper,,,,,
d-l-j-quicke,D L J Quicke,0000-0003-4471-6775,Q21178222,Donald_L.J._Quicke,,
a-j-d-tennyson,A J D Tennyson,,,,,
a-emmott,A Emmott,,,,,
a-p-amey,A P Amey,,Q26845753,Andrew_P._Amey,,
r-zapata-guardiola,R Zapata Guardiola,,,,,
a-j-downie,A J Downie,,,,,
j-trueman,J Trueman,,,,,
s-simpson,S Simpson,0000-0003-1759-0564,Q39272750,,,
j-e-mccosker,J E Mccosker,,,,,
d-c-rogers,D C Rogers,,,,,
h-f-nahrung,H F Nahrung,,,,,
l-sorenson,L Sorenson,,,,,
j-s-keogh,J S Keogh,0000-0002-1373-6186,Q21341191,J._Scott_Keogh,,
l-kealley,L Kealley,,Q21502570,Luke_Kealley,,
p-hudson,P Hudson,,,,,
r-hobson,R Hobson,,,,,
s-naumann,S Naumann,,,,,
h-klompen,H Klompen,,,,,
r-n-bamber,R N Bamber,,Q20011903,Roger_N._Bamber,,51EC77D8-DAEA-4E73-B41C-3588DA0CBAD3
s-marsden,S Marsden,,,,,
s-b-hedges,S B Hedges,,Q3498516,Stephen_Blair_Hedges,,
l-jamieson,L Jamieson,,,,,
p-bouchard,P Bouchard,,Q21391661,Patrice_Bouchard,,D4F12EC9-A213-4358-8AC1-A6F41FE739B2
d-dimitrov,D Dimitrov,0000-0001-5830-5702,Q22112724,Dimitar_Dimitrov_(arachnologist),Dimitar_Dimitrov8,718AA212-5F41-4414-90C5-BD8BB7004A70
f-r-schram,F R Schram,,,,,
g-giribet,G Giribet,0000-0002-5467-8429,Q19282158,Gonzalo_Giribet,,
g-hormiga,G Hormiga,,Q21341447,Gustavo_Hormiga,Gustavo_Hormiga,1AD2E992-EFC4-43CF-8337-D0452E484750
d-j-pearson,D J Pearson,,,,,
a-n-andersen,A N Andersen,0000-0003-1487-3323,Q55437705,,,
h-ida,H Ida,,,,,
t-kobayashi,T Kobayashi,,,,,
t-j-near,T J Near,0000-0002-7398-6670,Q51585263,Thomas_J._Near,,
r-j-shiel,R J Shiel,,,,,
s-d-snyder,S D Snyder,,,,,
s-d--snyder,S D  Snyder,,,,,
h-w-ho,H W Ho,,,,,
s-y-w-ho,S Y W Ho,,,,,
h--s-ho,H  S Ho,,,,,
j-e-williamson,J E Williamson,0000-0003-3627-4508,Q54901206,Jane_E._Williamson,,
b-f-nowak,B F Nowak,0000-0002-0347-643X,Q37382418,Barbara_F._Nowak,,
j-sakaue,J Sakaue,,,,,
k--t-shao,K  T Shao,,,,,
k-t-shao,K T Shao,,,,,
t-asahida,T Asahida,,,,,
t-sado,T Sado,,,,,
b-maryan,B Maryan,,Q21393178,Brad_Maryan,,
c-a-mclean,C A Mclean,,,,,
d-guinot,D Guinot,,,,,
o-d-seeman,O D Seeman,,Q21337520,Owen_D._Seeman,,
r-b-halliday,R B Halliday,,Q22111764,Bruce_Halliday,,
j-h-mclean,J H Mclean,,Q1680519,James_Hamilton_McLean,,
e-d-mason,E D Mason,,,,,
m-colloff,M Colloff,,,,,
x-li,X Li,,,,,
h-li,H Li,,,,,
x-z-li,X Z Li,,,,,
a-s-grutter,A S Grutter,,,,,
s-callan,S Callan,,,,,
n-scharff,N Scharff,0000-0001-6809-2878,Q21341212,Nikolaj_Scharff,,F84D2235-66D2-460C-820D-80024068759D
b-halliday,B Halliday,,Q22111764,Bruce_Halliday,,
a-kinnear,A Kinnear,,,,,
g-a-evans,G A Evans,,,,,
k-s-gibb,K S Gibb,,,,,
b-evans,B Evans,,Q25916604,Brenda_Evans,,1D929642-7CE2-46F2-BA39-DC91FB6083A7
n-gunawardene,N Gunawardene,,Q25439531,Nihara_R._Gunawardene,Nihara_Gunawardene,61A50103-9E9C-4255-AB06-7BCB8B5EC4CF
t-a-evans,T A Evans,,,,,
f-w-spiegel,F W Spiegel,,,,,
n-r-gunawardene,N R Gunawardene,,,,,
d-l-carpintero,D L Carpintero,,,,,
b-peters,B Peters,,,,,
h-a--rose,H A  Rose,,,,,
n-b-chilton,N B Chilton,,,,,
j-d-silberman,J D Silberman,,,,,
j-j-pogonoski,J J Pogonoski,,Q22104378,John_J._Pogonoski,,
n-i-platnick,N I Platnick,,,,,
h--c-ho,H  C Ho,,Q21395112,Hsuan-Ching_Ho,Hsuan_Ching_Ho,
h-c-ho,H C Ho,,,,,
k-baba,K Baba,,,,,
m-g-rix,M G Rix,,Q22107105,Michael_G._Rix,,B7D4764D-B9C9-4496-A2DE-C4D16561C3B3
a-young,A Young,,Q25711264,Andy_Young,,
m-j-colloff,M J Colloff,0000-0002-8611-904X,Q56801356,Matthew_J._Colloff,,A7E70E8A-9A57-49A3-8D44-E80ECE77D9AA
i-abbott,I Abbott,,,,,
d-a-young,D A Young,,,,,
t-w-pietsch,T W Pietsch,,,,,
t-j-page,T J Page,0000-0002-3521-3503,Q56435826,,Timothy_Page,
w-f-humphreys,W F Humphreys,0000-0002-8998-9323,Q54530177,William_F._Humphreys,,
h-a-rose,H A Rose,,,,,
l-m-rigby,L M Rigby,,,,,
i-j-kitching,I J Kitching,,,,,
r-a-wharton,R A Wharton,,,,,
r-wharton,R Wharton,,,,,
n-budaeva,N Budaeva,,Q21393977,Nataliya_Budaeva,,
d-s-kent,D S Kent,0000-0001-9033-9187,Q50288743,,,
j-melville,J Melville,0000-0002-9994-6423,Q21395622,Jane_Melville,,
l-p-shoo,L P Shoo,,Q21502694,Luke_Shoo,,
l-shoo,L Shoo,,,,,
m-pepper,M Pepper,,,,,
s-sass,S Sass,,,,,
y-hibino,Y Hibino,,Q21395788,Yusuke_Hibino,,
a-moussalli,A Moussalli,,,,,
d-stuart-fox,D Stuart Fox,,,,,
d-a-lane,D A Lane,,,,,
d-hartley,D Hartley,,,,,
d-lane,D Lane,,,,,
e-ingram,E Ingram,,,,,
r-b-mccormack,R B Mccormack,,,,,
c-w-o'brien,C W O'brien,,,,,
p-marriott,P Marriott,,,,,
m-w-hart,M W Hart,,,,,
m-c-s-rossi,M C S Rossi,,,,,
l-monod,L Monod,,,,,
a-postle,A Postle,,,,,
d--tang,D  Tang,,,,,
k-mckay,K Mckay,,,,,
j-a-norman,J A Norman,,,,,
i-lobl,I Lobl,,,,,
z-kejval,Z Kejval,,,,,
d-tang,D Tang,,,,,
y-p-lin,Y P Lin,0000-0003-3103-1777,Q30233086,Yen-Po_Lin,,
b-alvarez,B Alvarez,,,,,
f-h-a-farache,F H A Farache,0000-0001-7655-8826,,,,
l-dodd,L Dodd,,,,,
q-v-nguyen,Q V Nguyen,,Q22105249,Quan_Van_Nguyen,,
j-j-beard,J J Beard,,Q21393313,Jennifer_J._Beard,,AA6239E8-7EE1-443D-8282-C40B63EED55D
j-beard,J Beard,,,,,
t-pape,T Pape,0000-0001-6609-0609,Q21074328,Thomas_Pape,Thomas_Pape4,1371BF99-D20A-47B9-BA9D-1F8D830A1B5A
m-n-hutchinson,M N Hutchinson,0000-0003-2910-1983,Q21390121,Mark_N._Hutchinson,Mark_Hutchinson4,19C5A864-8099-4F31-900E-11E95728EEC9
r-b-gasser,R B Gasser,0000-0002-4423-1690,Q42326677,,,
p-j-mills,P J Mills,,,,,
l-h-harris,L H Harris,,,,,
r-m-kristensen,R M Kristensen,0000-0001-9549-1188,Q63514,Reinhardt_M%C3%B8bjerg_Kristensen,,
r-g-hutchinson,R G Hutchinson,,,,,
m-b-malipatil,M B Malipatil,,Q21340433,Mali_B._Malipatil,,EF25AE11-B36B-4879-BAE6-3CF047843D4E
r-ochoa,R Ochoa,,Q21389882,Ronald_A._Ochoa,Ronald_Ochoa,
c-k-c-churchill,C K C Churchill,,,,,
p-m-hutchinson,P M Hutchinson,,Q27305540,Paul_M._Hutchinson,,
g-a-bellis,G A Bellis,,,,,
j-curran,J Curran,,,,,
p-koenig,P Koenig,,,,,
j-j-wynne,J J Wynne,0000-0003-0408-0629,Q56441122,,,
a-g-beu,A G Beu,,Q21391567,Alan_G._Beu,,EE6FC0D3-F525-47DD-AFE6-7645D987EA75
b-d-hoffmann,B D Hoffmann,,,,,
j--y-rasplus,J -Y Rasplus,0000-0001-8614-6665,Q21387802,Jean-Yves_Rasplus,,
j-reitner,J Reitner,,,,,
n-p-kristensen,N P Kristensen,,,,,
j-c-otto,J C Otto,,Q21503116,Jürgen_C._Otto,,FF33F39F-5B31-4233-9BDF-23669CF6DA5D
r-gleeson,R Gleeson,,,,,
r-j-gleeson,R J Gleeson,,,,,
m-j-hillyer,M J Hillyer,,,,,
c-j-byrne,C J Byrne,,,,,
r-a-beaver,R A Beaver,,Q7357764,Roger_A._Beaver,Roger_Beaver2,EEF5C471-ECFB-4786-8E2F-13C5B5EC4F0D
b-a-butcher,B A Butcher,,,,,
t-alvestad,T Alvestad,,Q21393971,Tom_Alvestad,,
g-a-boxshall,G A Boxshall,0000-0001-8170-7734,Q5534468,Geoffrey_Allan_Boxshall,,4313C01F-C873-44BA-B6D3-39E40D4AEEDE
p-cabezas,P Cabezas,,,,,
w-engl,W Engl,,,,,
m-peterson,M Peterson,,,,,
s-s-curran,S S Curran,,,,,
g-bellis,G Bellis,,,,,
j-ireson,J Ireson,,,,,
s-james,S James,,,,,
m-b--malipatil,M B  Malipatil,,,,,
a-v-bochkov,A V Bochkov,0000-0002-3894-6163,Q54620381,,,
p-cipriani,P Cipriani,,,,,
r-k-daley,R K Daley,,,,,
j-h-harris,J H Harris,,,,,
e-c-dickinson,E C Dickinson,,,,,
v-a-harris,V A Harris,,,,,
r-l-close,R L Close,,,,,
d-j-ferguson,D J Ferguson,,Q5800078,David_J._Ferguson,,
k-a-tighe,K A Tighe,,Q21340685,Kenneth_A._Tighe,,
r-g-foottit,R G Foottit,,,,,
a-f-newton,A F Newton,,Q22107286,Alfred_Francis_Newton,Alfred_Newton,BD1A9D6B-D5CD-4E4B-8A40-B24A05812B7E
h-nguyen,H Nguyen,,,,,
d-c-currie,D C Currie,,Q49497365,Douglas_C._Currie,,
l-zhou,L Zhou,,Q23675162,Lei_Zhou,,
b-brice,B Brice,,,,,
m-batley,M Batley,0000-0001-9191-4286,Q54666616,Michael_Batley,,
m-d-bennet,M D Bennet,,,,,
m-s-engel,M S Engel,,,,,
c-groves,C Groves,,,,,
s-grove,S Grove,,,,,
k-l-s-garland,K L S Garland,,,,,
j-b-alexander,J B Alexander,,,,,
j-mcrae,J Mcrae,,,,,
m-le,M Le,,,,,
p-de-barro,P De Barro,,,,,
k-hill,K Hill,,,,,
d-e-hill,D E Hill,,,,,
b-sak,B Sak,,,,,
a-j-jacobson,A J Jacobson,,,,,
p-castro,P Castro,,,,,
d-k-knihinicki,D K Knihinicki,,,,,
r-h-l-disney,R H L Disney,,,,,
p-hancock,P Hancock,,,,,
d-l-hancock,D L Hancock,,,,,
m--cheng,M  Cheng,,,,,
m-cheng,M Cheng,,,,,
e-maw,E Maw,,,,,
j--m-chavatte,J  M Chavatte,,,,,
o-ditrich,O Ditrich,,,,,
a-m-bauer,A M Bauer,,,,,
j-mcevoy,J McEvoy,0000-0001-6843-5551,Q47503205,,,
m-pinkova,M Pinkova,,,,,
l-m-mcinnes,L M Mcinnes,,,,,
m-rius,M Rius,,,,,
yu-i-kuzmin,Yu I Kuzmin,,,,,
k-jensen,K Jensen,,,,,
k-b-r-hill,K B R Hill,,,,,
g-v-maynard,G V Maynard,,,,,
r-a-burks,R A Burks,,Q21392892,Roger_A._Burks,,F792CF45-EB70-458B-85B8-D1AF8A30936F
r-w-heard,R W Heard,,,,,
b-k--cantrell,B K  Cantrell,,,,,
c-r-pitcher,C R Pitcher,,,,,
b-v-timms,B V Timms,,Q22106599,Brian_V._Timms,,9BF62D3A-BB01-48D5-B72A-32AA82F884E7
s-jackson,S Jackson,,,,,
n-q--x-wee,N Q  X Wee,,,,,
a-polaszek,A Polaszek,,,,,
l-hill,L Hill,,Q6555677,Lionel_Hill,,E5568435-D565-41D0-A351-B5B61B1A00D0
m-hill,M Hill,,,,,
a-j-fitch,A J Fitch,,,,,
c-van-achterberg,C Van Achterberg,,,,,
j-d-lafontaine,J D Lafontaine,,,,,
m-fibiger,M Fibiger,,,,,
m-mutanen,M Mutanen,,,,,
n-wahlberg,N Wahlberg,0000-0002-1259-3363,Q21077774,Niklas_Wahlberg,,6F3B2277-DD3E-4258-BD1C-D850231B4F3A
r-zahiri,R Zahiri,,,,,
f-marcer,F Marcer,,,,,
g-nascetti,G Nascetti,0000-0002-1159-8103,Q41547101,,,
m-paoletti,M Paoletti,0000-0002-0950-0576,Q48064938,,,
s-mattiucci,S Mattiucci,,,,,
s-shamsi,S Shamsi,0000-0002-8606-6400,Q57160591,,,
c-cheng,C Cheng,,,,,
t-d-o'hara,T D O'Hara,0000-0003-0885-6578,Q54518264,,,
j-m-mcrae,J M Mcrae,,Q29560817,Jane_M._McRae,,
b-j-sinclair,B J Sinclair,,Q21502709,Bradley_J._Sinclair,,4516327F-B73E-456C-927F-18EFB0B9E08B
m-mulder,M Mulder,,Q26724586,Monica_Mulder,,
x-shirley,X Shirley,,,,,
t-scholz,T Scholz,0000-0002-6340-3750,Q21337568,Tomáš_Scholz,Tomas_Scholz,
k-hogendoorn,K Hogendoorn,0000-0002-4942-8062,Q21393834,Katja_Hogendoorn,Katja_Hogendoorn,96C4E78A-3384-4464-9019-024361220827
r-leijs,R Leijs,0000-0001-6909-5659,Q21393838,Remko_Leijs,Remko_Leys,F3C58678-5E80-4A9B-98FF-50DD26051FE9
r-leys,R Leys,,,,,
p-ashe,P Ashe,,,,,
p-r-sutcliffe,P R Sutcliffe,,,,,
l-papp,L Papp,,,,,
b-heterick,B Heterick,,,,,
s-woolley,S Woolley,,,,,
y--l-zhou,Y  L Zhou,,,,,
g-curletti,G Curletti,,,,,
h--p-aberlenc,H  P Aberlenc,,,,,
d-f-hales,D F Hales,,,,,
j-heraty,J Heraty,,,,,
i-landau,I Landau,,,,,
b-stenger,B Stenger,,,,,
r-a-constantine,R A Constantine,,,,,
r-l-cumming,R L Cumming,,Q21392962,Robyn_L._Cumming,,
r-eastwood,R Eastwood,,,,,
b-bellisario,B Bellisario,0000-0002-5339-0757,Q56971429,,,
b-knott,B Knott,,,,,
k-a-hadfield,K A Hadfield,,,,,
a-jorgensen,A Jørgensen,0000-0001-7191-3796,Q42886864,,,
j-vitovec,J Vitovec,,,,,
z-chun,Z Chun,,,,,
d-yeates,D Yeates,0000-0001-7729-6143,Q43125373,,,
g-j-bird,G J Bird,,,,,
a-fitch,A Fitch,,,,,
l-borowiec,L Borowiec,,,,,
b-e-heterick,B E Heterick,,,,,
y--kuzmin,Y  Kuzmin,,,,,
f-vicente,F Vicente,,,,,
f-m-vieira,F M Vieira,0000-0002-5220-7252,Q21503006,Fabiano_M._Vieira,,
j-i-luque,J I Luque,,Q22113928,José_L._Luque,,
p-j-suter,P J Suter,,Q21394261,Phillip_J._Suter,,
p-m-o'loughlin,P M O'loughlin,,,,,
p-g-allsopp,P G Allsopp,,,,,
s-a-belokobylskij,S A Belokobylskij,,,,,
t-weir,T Weir,,,,,
m-kemal,M Kemal,,,,,
r-j-lavigne,R J Lavigne,,,,,
r-lavigne,R Lavigne,,,,,
d-k-yeates,D K Yeates,0000-0001-7729-6143,Q43125373,David_Keith_Yeates,,
b-d--neville,B D  Neville,,,,,
b-d-neville,B D Neville,,,,,
p-wagnerova,P Wagnerova,,,,,
n-j-bott,N J Bott,0000-0003-4049-9945,Q56380663,,,
v-wallach,V Wallach,,Q3554430,Van_Stanley_Bartholomew_Wallach,,
e-nicholas,E Nicholas,,,,,
w-l-nicholas,W L Nicholas,,,,,
d-kvetonova,D Kvetonova,,,,,
j-kalinova,J Kalinova,,,,,
m-kestranova,M Kestranova,,,,,
m-kotkova,M Kotkova,,,,,
m-kvac,M Kvac,,,,,
s-o-shattuck,S O Shattuck,,Q21340332,Steven_O._Shattuck,,A553E38F-CED8-4E6E-B4A6-98001F37A813
a-larochelle,A Larochelle,,,,,
c-h-dietrich,C H Dietrich,0000-0003-4005-4305,Q21338911,Christopher_H._Dietrich,,82FCB86C-54B4-456A-AE5E-D7847D271CB9
c-l-bellamy,C L Bellamy,,Q19115006,Charles_Lawrence_Bellamy,,0B1B382E-B179-4BAE-A8E7-2C9CF72DE570
r-v-glatz,R V Glatz,,,,,
j--l-cho,J  L Cho,,,,,
j-farrell,J Farrell,,,,,
r-fayer,R Fayer,,,,,
j-w-hasenpusch,J W Hasenpusch,,,,,
a-a-luque,A A Luque,,,,,
j-g-hansen,J G Hansen,,,,,
p-stys,P Stys,,,,,
m-r-siddiqi,M R Siddiqi,,,,,
c-p-santos,C P Santos,0000-0001-5165-0853,Q42761667,Cláudia_P._Santos,,
p-f-duncan,P F Duncan,,,,,
a-c-borsboom,A C Borsboom,,Q21390659,Adrian_C._Borsboom,,
n-p-lord,N P Lord,0000-0002-2117-2376,,,,
j--l-justine,J -L Justine,0000-0002-7155-4540,Q21390503,Jean-Lou_Justine,Jean-Lou_Justine,17643DCB-2C9D-4386-BB94-D2F04966B0E9
v-ivanov,V Ivanov,,,,,
v-a-ivanov,V A Ivanov,,,,,
c-j-hodgson,C J Hodgson,,,,,
c-lord,C Lord,,,,,
n-lo,N Lo,,,,,
s-h-lawler,S H Lawler,,,,,
w-zeidler,W Zeidler,,,,,
p-r-teske,P R Teske,0000-0002-2838-7804,Q54635014,,,
a-o-kocak,A O Kocak,,,,,
e-mcalister,E Mcalister,,,,,
g-daniels,G Daniels,,Q22107505,Greg_Daniels,,1C5AD15B-2430-4478-9D8B-A6A79E950072
d-macarisin,D Macarisin,,,,,
k--j-ahn,K  J Ahn,,,,,
m-elgueta,M Elgueta,,Q25931050,Mario_Elgueta,,
y-bousquet,Y Bousquet,,Q22114471,Yves_Bousquet,,
j-l-justine,J L Justine,0000-0002-7155-4540,Q21390503,Jean-Lou_Justine,Jean-Lou_Justine,17643DCB-2C9D-4386-BB94-D2F04966B0E9
w-n-mathis,W N Mathis,,,,,
c-l-humphrey,C L Humphrey,,,,,
m-humphrey,M Humphrey,,,,,
r-harcourt,R Harcourt,0000-0003-4666-2934,Q51054945,,,
c-hayashi,C Hayashi,,,,,
j-coughran,J Coughran,,,,,
p-v-alves,P V Alves,0000-0002-3836-5676,Q21390236,Philippe_V._Alves,Philippe_Alves,
g-bribiesca-contreras,G Bribiesca Contreras,,,,,
l-m-vieira,L M Vieira,0000-0001-8661-8861,Q54489013,,,
n-l-mckenzie,N L Mckenzie,,,,,
p-irwin,P Irwin,0000-0002-0006-8262,Q41115394,,,
m-e-irwin,M E Irwin,,Q21388859,Michael_Edward_Irwin,,
t-a-weir,T A Weir,,Q34257937,Thomas_A._Weir,Tom_Weir,1ADB5C0C-30E8-40D9-B0AE-F8630A5B9D2F
c-j--vink,C J  Vink,,,,,
k-matsuda,K Matsuda,,,,,
a-blackledge,A Blackledge,,,,,
m-beatson,M Beatson,,,,,
p-l-mullins,P L Mullins,,,,,
a-j-o'reilly,A J O'reilly,,,,,
h-w-levi,H W Levi,,,,,
m-m-joseph,M M Joseph,,,,,
n-t-duperre,N T Duperre,,,,,
m-santin,M Santin,,,,,
d-p-barton,D P Barton,,,,,
m-jin,M Jin,,,,,
t-a-darragh,T A Darragh,,,,,
k-larsen,K Larsen,0000-0002-6473-7285,Q22109534,Kim_Larsen,,
a-l-lymbery,A L Lymbery,,,,,
a-skale,A Skale,,,,,
a-weigel,A Weigel,,,,,
r-a-b-leschen,R A B Leschen,,Q22109237,Richard_Leschen,,45FDF9A0-743A-4F31-9BF8-8A32AEACF13E
r-n-kittel,R N Kittel,,Q21395536,Rebecca_N._Kittel,,
r-a-how,R A How,,,,,
p-grootaert,P Grootaert,,,,,
f-bartholomaeus,F Bartholomaeus,,,,,
m--k-kuah,M  K Kuah,,,,,
m-l-ferreira,M L Ferreira,,,,,
a-f-wayne,A F Wayne,,,,,
q--h-fan,Q  H Fan,,Q21074211,Qing-Hai_Fan,,BAE94092-8EC4-42D8-A775-5ED27195E238
c--symonds,C  Symonds,,,,,
c-symonds,C Symonds,,,,,
c-l-symonds,C L Symonds,,,,,
d-ramsey,D Ramsey,,,,,
a-robin,A Robin,,,,,
j-hava,J Hava,,,,,
m-kadej,M Kadej,0000-0001-5983-0402,Q42812009,,Marcin_Kadej,
g-perina,G Perina,,,,,
g-veera-singham,G Veera Singham,,,,,
e-greaves,E Greaves,,Q22108326,Elizabeth_Greaves,,
c-luter,C Luter,,,,,
n-e-pierce,N E Pierce,,,,,
j-d-pinto,J D Pinto,,,,,
t-saito,T Saito,,,,,
b-jaeger,B Jaeger,,,,,
r-p-weir,R P Weir,,,,,
b-j-sharanowski,B J Sharanowski,,Q21337774,Barbara_Sharanowski,,
m-j--sharkey,M J  Sharkey,,Q22107234,Michael_J._Sharkey,,
j-b-whitfield,J B Whitfield,,,,,
l-joseph,L Joseph,,,,,
s-eberhard,S Eberhard,,,,,
c-j-vink,C J Vink,0000-0003-4237-0117,Q25720474,Cor_J._Vink,Cor_Vink,23BD4C13-0442-40E6-8E7A-D3388185D5A4
k-j-finlay,K J Finlay,,,,,
d-l-beechey,D L Beechey,,,,,
s--eberhard,S  Eberhard,,,,,
s-m--eberhard,S M  Eberhard,,,,,
a-w-osborn,A W Osborn,,,,,
a-skinner,A Skinner,,,,,
d-r-swanson,D R Swanson,,,,,
e-pakhomov,E Pakhomov,,,,,
e-vanden-berghe,E Vanden Berghe,,,,,
h-ozdikmen,H Ozdikmen,,,,,
t-finston,T Finston,,,,,
z-jin,Z Jin,,,,,
t-l-finston,T L Finston,,Q29560848,Terrie_Finston,,
f-lorenz,F Lorenz,,,,,
e-whitfield,E Whitfield,,,,,
c-d-struthers,C D Struthers,,Q22102762,Carl_D._Struthers,Carl_Struthers,
p-c-wainwright,P C Wainwright,,Q21393508,Peter_C._Wainwright,,
c-m-tribull,C M Tribull,,Q25439836,Carly_Melissa_Tribull,,
c-o-azevedo,C O Azevedo,,,,,
d-n-barbosa,D N Barbosa,,,,,
d-w-greenfield,D W Greenfield,,,,,
r-pace,R Pace,,,,,
d-l-emery,D L Emery,,,,,
n-j-emery,N J Emery,,,,,
j--p-emery,J  P Emery,,Q25437950,Jon-Paul_Emery,,
s-m-eberhard,S M Eberhard,,,,,
s-vink,S Vink,0000-0002-0303-7699,Q57401780,,,
a-s-menke,A S Menke,,,,,
k-l-edward,K L Edward,,,,,
p-gullan,P Gullan,,,,,
j--s-park,J  S Park,,,,,
w-santana,W Santana,0000-0003-3086-4419,Q22112915,William_Santana,,
k-s-sparks,K S Sparks,,,,,
d-e-stevenson,D E Stevenson,,,,,
d-stoessel,D Stoessel,,,,,
a-dornburg,A Dornburg,0000-0003-0863-2283,Q54489179,Alex_Dornburg,,
j-w-beardsley,J W Beardsley,,,,,
k-amaoka,K Amaoka,,,,,
h-j--dumont,H J  Dumont,,,,,
j-olesen,J Olesen,0000-0001-9582-7083,Q18002798,J%C3%B8rgen_Olesen,,
j-pepperell,J Pepperell,,,,,
j-p-andrew,J P Andrew,,,,,
t-a-rawlings,T A Rawlings,,,,,
h-imamura,H Imamura,,,,,
t-l-semple,T L Semple,,,,,
j-n-zahniser,J N Zahniser,,,,,
m-l-moir,M L Moir,,,,,
m-d-b-eldridge,M D B Eldridge,0000-0002-7109-0600,Q60104388,Mark_D.B._Eldridge,,
v-puthz,V Puthz,,,,,
b-dayrat,B Dayrat,,,,,
h-fukuda,H Fukuda,,,,,
a-r-plant,A R Plant,,,,,
p-m-giachino,P M Giachino,,,,,
p-koubbi,P Koubbi,,,,,
m-l--moir,M L  Moir,,,,,
a-hallan,A Hallan,,,,,
c-de-broyer,C De Broyer,,,,,
s-c-weeks,S C Weeks,,,,,
m-k-fujita,M K Fujita,,,,,
d-g-herbert,D G Herbert,,,,,
t-fujita,T Fujita,,,,,
c-harding,C Harding,,,,,
d-burckhardt,D Burckhardt,0000-0001-8368-5268,Q21342002,Daniel_Burckhardt,Daniel_Burckhardt2,
a-kallies,A Kallies,,Q21077800,Axel_Kallies,Axel_Kallies,DD4F3FB1-BC25-49BF-AAE2-B98D01CAAEF8
a-nauendorf,A Nauendorf,,,,,
m-hodda,M Hodda,,,,,
l-s-subias,L S Subias,,,,,
v-pesic,V Pesic,,,,,
m-aizawa,M Aizawa,,,,,
p-j-gullan,P J Gullan,,Q21391296,Penny_J._Gullan,,
s-takagi,S Takagi,,,,,
j-a-huey,J A Huey,,,,,
s-de-grave,S De Grave,0000-0002-2437-2445,Q24087735,Sammy_De_Grave,Sammy_De_Grave,2EB1CBFA-2B2B-4740-A177-B9D5290ECE01
a-anker,A Anker,,,,,
a-waren,A Waren,,,,,
t-m-iliffe,T M Iliffe,0000-0002-4342-5960,Q47200185,,Thomas_Iliffe,
j-okuno,J Okuno,,,,,
r-cleva,R Cleva,,,,,
c-w-ashelby,C W Ashelby,,,,,
z-duris,Z Duris,,,,,
g-m-gurr,G M Gurr,0000-0001-5008-7966,Q42597848,,,
d-k-mcalpine,D K Mcalpine,,Q21502932,David_K._McAlpine,,C7FCDC91-2D12-45FF-9320-0853DEC31940
j-paretas-martinez,J Paretas Martinez,,,,,
j-pujade-villar,J Pujade Villar,,,,,
g-m-kay,G M Kay,,,,,
r-e-golding,R E Golding,,,,,
k-k-p-lim,K K P Lim,,,,,
p-sebastian,P Sebastian,,Q23069006,Pascal_Sebastian,,
t-yoshino,T Yoshino,0000-0002-5430-3213,Q30512276,Tetsuo_Yoshino,,
a-riedel,A Riedel,,,,,
h-senou,H Senou,,,,,
c-h-j-m-fransen,C H J M Fransen,,,,,
m-c-brandley,M C Brandley,,,Matthew_C._Brandley,,
s-v-bogorodsky,S V Bogorodsky,,,,,
t-l-iglesias,T L Iglesias,0000-0002-0237-8539,Q54553993,Teresa_L._Iglesias,,
n-m-korovchinsky,N M Korovchinsky,,,,,
n-rabet,N Rabet,,,,,
i-marin,I Marin,,,,,
i-takeuchi,I Takeuchi,,,,,
q-kou,Q Kou,,,,,
e-i-kukuev,E I Kukuev,,,,,
j-k-lowry-,J K Lowry ,,,,,
i-a-trunov,I A Trunov,,,,,
m-vecchione,M Vecchione,,,,,
i-horka,I Horka,,,,,
m-wanat,M Wanat,,,,,
a-y--sinev,A Y  Sinev,,,,,
a-y-sinev,A Y Sinev,,Q21337728,Artem_Y._Sinev,,
m-schwentner,M Schwentner,0000-0002-1373-456X,Q57265688,,,
m-jaschhof,M Jaschhof,,Q21339967,Mathias_Jaschhof,,
n-dorchin,N Dorchin,,,,,
r-grund,R Grund,,,,,
r-j-adair,R J Adair,,,,,
r-j-gagne,R J Gagne,,,,,
s-delean,S Delean,,,,,
c-jaschhof,C Jaschhof,,,,,
c-a-j-duffy,C A J Duffy,,,,,
m-roux,M Roux,,,,,
m-a-mcgrouther,M A McGrouther,0000-0002-4860-0123,Q54769160,,,
k-r-piller,K R Piller,,,,,
m-purcell,M Purcell,,,,,
t-suzuki,T Suzuki,,,,,
p-d-n-hebert,P D N Hebert,0000-0002-3081-6700,Q7150099,Paul_D._N._Hebert,,C6A666F0-5A41-403C-865F-7B0C4E14D96D
a-mantilleri,A Mantilleri,,,,,
d-mcalpine,D Mcalpine,,,,,
m-l-law,M L Law,,,,,
j-marin,J Marin,,Q28788084,Julie_Marin,,
a-stolarski,A Stolarski,,,,,
j-w-wilmer,J W Wilmer,0000-0002-8224-0336,Q21390038,Jessica_Worthington_Wilmer,,
w-tomaszewska,W Tomaszewska,,,,,
a-a-veenstra,A A Veenstra,0000-0003-2857-3583,Q54680913,,,
a-g-manners,A G Manners,,,,,
a-michalczyk,A Michalczyk,0000-0001-5716-0783,Q42646382,,,
g-duhamel,G Duhamel,,,,,
g-eick,G Eick,,,,,
s-a-halse,S A Halse,,,,,
k-l-sanders,K L Sanders,,,,,
r-m-overstreet,R M Overstreet,,,,,
g-d-edgecombe,G D Edgecombe,0000-0002-9591-8011,Q1545327,Gregory_D._Edgecombe,,
j-m-waldock,J M Waldock,,,,,
n-trieu,N Trieu,,,,,
s-c-cutmore,S C Cutmore,,,,,
m-lj-stiassny,M Lj Stiassny,,,,,
a-d-barbosa,A D Barbosa,,,,,
t-bradford,T Bradford,,,,,
r-mesibov,R Mesibov,,Q21338965,Robert_Mesibov,,24BA85AE-1266-494F-9DE5-EEF3C9815269
a-dyce,A Dyce,,,,,
a-l-dyce,A L Dyce,,,,,
d-gopurenko,D Gopurenko,0000-0003-2886-1614,Q42316049,,,
j-s-bartlett,J S Bartlett,,Q22107210,Justin_S._Bartlett,,
d-m-cohen,D M Cohen,,,,,
h-tanaka,H Tanaka,,,,,
d-uyeno,D Uyeno,,,,,
l-vilhelmsen,L Vilhelmsen,0000-0002-5593-5722,Q37617366,,,
m-buffington,M Buffington,,,,,
m-forshage,M Forshage,,,,,
m-f-purcell,M F Purcell,,,,,
m-seitner,M Seitner,,,,,
a-s-h-breure,A S H Breure,,,,,
c-cantacessi,C Cantacessi,0000-0001-6863-2950,Q37375310,,,
p-s-cranston,P S Cranston,,Q21338372,Peter_Scott_Cranston,,C068AC61-DF1D-432A-9AB7-52B5D85C6C79
m-mcgrouther,M McGrouther,0000-0002-4860-0123,Q54769160,,,
g-marquet,G Marquet,,,,,
r-g-moolenbeek,R G Moolenbeek,,,,,
a-vogiatzis,A Vogiatzis,,,,,
b-seret,B Seret,,,,,
j-fu,J Fu,,,,,
o--lonsdale,O  Lonsdale,,,,,
o-lonsdale,O Lonsdale,,Q21388027,Owen_Lonsdale,,99395F30-304B-4304-A968-EA8CD22281B3
j-f-donaldson,J F Donaldson,,,,,
r--mesibov,R  Mesibov,,,,,
j-c-morse,J C Morse,,Q25802791,John_C._Morse,,
d-s-loch,D S Loch,,,,,
a-broadley,A Broadley,,Q23675157,Adam_Broadley,,
a-v-balushkin,A V Balushkin,,,,,
j-c-murphy,J C Murphy,,,,,
b-buffington,B Buffington,,,,,
p-e-diaz,P E Diaz,,,,,
p-n-murphy,P N Murphy,,,,,
d-a-strickman,D A Strickman,,,,,
d-m-fonseca,D M Fonseca,0000-0003-4726-7100,Q37381919,,,
r-c-wilkerson,R C Wilkerson,,,,,
s-gerkin,S Gerkin,,,,,
t-akiyama,T Akiyama,,,,,
k-r-jay,K R Jay,,Q25440474,Katya_Jay,,
a-putz,A Putz,,,,,
a-g-kirejtshuk,A G Kirejtshuk,,Q21339751,Alexander_Georgievich_Kirejtshuk,,D63E800C-87F6-4281-8658-C3C032FE8628
a-murdoch,A Murdoch,,,,,
p-jereb,P Jereb,,,,,
t-nakano,T Nakano,,,,,
j-waldock,J Waldock,,,,,
m-n-krosch,M N Krosch,,,,,
o-a-saether,O A Saether,,,,,
c-lambkin,C Lambkin,,,,,
s-marks,S Marks,,,,,
c-l--lambkin,C L  Lambkin,,Q21340500,Christine_Lynette_Lambkin,,
m-moulds,M Moulds,,,,,
m-claremont,M Claremont,,,,,
c-p-kenaley,C P Kenaley,,,,,
j-f-wallman,J F Wallman,0000-0003-2504-6075,Q39696222,,,
r-d-mooi,R D Mooi,,,,,
t-nakabo,T Nakabo,,,,,
h-motomura,H Motomura,0000-0002-8224-0336,Q21395517,Hiroyuki_Motomura,,
m-puckridge,M Puckridge,,,,,
c-g-messing,C G Messing,,Q26215624,Charles_G._Messing,,
c-l-lambkin,C L Lambkin,,,,,
z-y-ding,Z Y Ding,,Q30239637,Zheng_Yee_Ding,,
p-cerretti,P Cerretti,0000-0002-9204-3352,Q21390683,Pierfilippo_Cerretti,,
p-kolesik,P Kolesik,,,,,
s-de-faveri,S De Faveri,,,,,
j-w-m-marris,J W M Marris,,Q21340862,John_W.M._Marris,,4F2D6BC3-CCB7-4899-AA56-26F5C4D6169B
m-j-nolan,M J Nolan,0000-0002-5353-7712,Q39477690,,,
m-meregalli,M Meregalli,,,,,
o-jager,O Jager,,,,,
a-d-mckinnon,A D Mckinnon,,,,,
b-levey,B Levey,,,,,
m-s-moulds,M S Moulds,,,,,
v-vahtera,V Vahtera,,,,,
a-p-liang,A P Liang,,,,,
e-combefis,E Combefis,,,,,
h-t-rapp,H T Rapp,,Q27517422,Hans_Tore_Rapp,,
i-agnarsson,I Agnarsson,,,,,
u-k-schliewen,U K Schliewen,,,,,
l-c-ferrington-jr,L C Ferrington Jr,,,,,
n-drayson,N Drayson,,,,,
l-wantiez,L Wantiez,,,,,
m-kulbicki,M Kulbicki,,,,,
p-chakrabarty,P Chakrabarty,,,,,
l-munari,L Munari,,,,,
a-davey,A Davey,,,,,
s-halse,S Halse,,Q21390460,Stuart_A._Halse,,
e-j-van-nieukerken,E J Van Nieukerken,,,,,
g-cocking,G Cocking,,,,,
j-rota,J Rota,0000-0003-0220-3920,Q21077816,Jadranka_Rota,,F7481CDA-1995-468B-9AE5-AC1A9003805A
l-milla,L Milla,,,,,
a-fjellberg,A Fjellberg,,,,,
d-c-gledhill,D C Gledhill,,,,,
c-barlow,C Barlow,,,,,
b-w-hoeksema,B W Hoeksema,,,,,
d-fehse,D Fehse,,,,,
m-v-sorensen,M V Sørensen,0000-0002-0377-0276,Q54487543,,,
r-ott,R Ott,,,,,
m-dohrmann,M Dohrmann,,,,,
a-de-chambrier,A De Chambrier,,,,,
c-a-fyler,C A Fyler,,,,,
j-j-cielocha,J J Cielocha,,,,,
k-s-herzog,K S Herzog,,,,,
j-g-mayoral,J G Mayoral,0000-0002-8813-6804,Q54595991,,,
r-de-keyzer,R De Keyzer,,,,,
s-fratini,S Fratini,,,,,
d-j-hilton,D J Hilton,0000-0002-7698-2392,Q51909096,,,
l-bocak,L Bocak,,,,,
m-c-leng,M C Leng,,,,,
m-f-downes,M F Downes,,,,,
f-p-l-marques,F P L Marques,,,,,
j-brabec,J Brabec,0000-0002-2636-414X,Q42968820,,Jan_Brabec,
j-n-caira,J N Caira,,,,,
h-brinkmann,H Brinkmann,,,,,
p-c-schroeder,P C Schroeder,,,,,
n-ueshima,N Ueshima,,Q21339546,Norihiro_Ueshima,,
b-f-novak,B F Novak,0000-0002-0347-643X,Q37382418,Barbara_F._Nowak,,
b--lis,B  Lis,,,,,
s-m-krishnankutty,S M Krishnankutty,,,,,
h-endo,H Endo,,,,,
f-f-cavalcanti,F F Cavalcanti,,,,,
k-j-tilbrook,K J Tilbrook,,Q21391348,Kevin_John_Tilbrook,,
k-will,K Will,,,,,
g-hangay,G Hangay,,,,,
p-zborowski,P Zborowski,,,,,
s-macdonald,S Macdonald,,,,,
m-l-macdonald,M L Macdonald,,,,,
t-malm,T Malm,,,,,
y--man,Y  Man,,,,,
f-santini,F Santini,,,,,
m-hourston,M Hourston,,,,,
r-m-warwick,R M Warwick,,,,,
w-dai,W Dai,,,,,
j-p-wallman,J P Wallman,0000-0003-2504-6075,Q39696222,,,
r-causse,R Causse,0000-0002-8224-0336,Q21388392,Romain_Causse,,
c-farquharson,C Farquharson,,,,,
c-sidabalok,C Sidabalok,,,,,
r-tanzler,R Tanzler,,,,,
e-p-fagan-jeffries,E P Fagan Jeffries,,Q23068865,Erinn_P._Fagan-Jeffries,,
h-nakano,H Nakano,,,,,
b-p-zakharov,B P Zakharov,,,,,
k-hagiwara,K Hagiwara,,,,,
m-malek,M Malek,,,,,
r-kuchta,R Kuchta,0000-0002-4219-6924,Q21392185,Roman_Kuchta,,
t-ruhnke,T Ruhnke,,,,,
t-melichar,T Melichar,,,,,
d-skarzynski,D Skarzynski,,,,,
j-wellington-de-morais,J Wellington De Morais,,,,,
m-potapov,M Potapov,0000-0002-6111-3354,Q54539266,,,
w-m--weiner,W M  Weiner,,,,,
j-s-cocking,J S Cocking,,,,,
s-w-knudsen,S W Knudsen,,,,,
b-c-schaeffner,B C Schaeffner,,,,,
k-r-mojica,K R Mojica,,,,,
b-m-fitzgerald,B M Fitzgerald,,,,,
m-klautau,M Klautau,,Q25439035,Michelle_Klautau,,
z-stevcic,Z Stevcic,,,,,
b-d-lessard,B D Lessard,0000-0002-6113-0576,Q21394520,Bryan_D._Lessard,,277F9B2F-780A-4D54-9D13-7A6FB44ABF07
c-burwell,C Burwell,,,,,
c-j-limpus,C J Limpus,,,,,
d-sun,D Sun,,,,,
a-limpus,A Limpus,,,,,
b-c-bellini,B C Bellini,,,,,
l-deharveng,L Deharveng,,,,,
n-g-cipola,N G Cipola,,,,,
r-jordana,R Jordana,,,,,
r-m-giblin-davis,R M Giblin Davis,,,,,
w-ye,W Ye,,,,,
r-j-laver,R J Laver,0000-0002-6319-7213,Q54752003,,,
t-hobbie,T Hobbie,,,,,
t-jackman,T Jackman,0000-0002-5391-8136,Q21339531,Todd_R._Jackman,,F0DFD491-BAFD-4A68-9FBF-7F825BFE7D2F
t-parkin,T Parkin,,,,,
n-kanzaki,N Kanzaki,,,,,
t-j-popic,T J Popic,,,,,
t-r-ruhnke,T R Ruhnke,,,,,
a-c-marques,A C Marques,,,,,
k-sattler,K Sattler,,,,,
p-oosterbroek,P Oosterbroek,,,,,
t-bastien,T Bastien,,,,,
c-d-mcmahan,C D Mcmahan,,,,,
j-novak,J Novak,,,,,
l-chisholm,L Chisholm,,,,,
b-k-diggles,B K Diggles,,,,,
s-m-blank,S M Blank,,,,,
c-huynh,C Huynh,,,,,
m-nguyen-duy-jacquemin,M Nguyen Duy Jacquemin,,,,,
p--decker,P  Decker,,,,,
e-greenbaum,E Greenbaum,,,,,
h-furuya,H Furuya,,,,,
j-worthington-wilmer,J Worthington Wilmer,,,,,
k-p-aplin,K P Aplin,,Q20171036,Ken_Aplin,Ken_Aplin,00ADB44B-9767-4F19-82D7-2C4A3FEE766D
m-b-potapov,M B Potapov,,,,,
j-hanger,J Hanger,,,,,
r-stenner,R Stenner,,,,,
g-dittrich-schroder,G Dittrich Schroder,,,,,
j-la-salle,J La Salle,0000-0002-8816-9569,Q22113364,John_La_Salle,,0AC682F4-3C70-4304-96B5-94775884F554
m-harney,M Harney,,,,,
r-j-b-hoare,R J B Hoare,,Q21339465,Robert_J.B._Hoare,,78BCF3A4-F8D2-434D-BC64-F57A0B879D61
k--voigtlander,K  Voigtlander,,,,,
w-e-r--xylander,W E R  Xylander,,,,,
t-wesener,T Wesener,,,,,
c-d-schubart,C D Schubart,,,,,
m-zschoche,M Zschoche,,,,,
d-j-bickel,D J Bickel,,Q21337426,Daniel_J._Bickel,,60B844EE-97DF-428C-8794-BD2C6A58357F
r-q--y-yong,R Q  Y Yong,,,,,
r-q-yong,R Q Yong,,,,,
o-rican,O Rican,,,,,
r-c-shelly,R C Shelly,,,,,
o-f-foighil,O F Foighil,,,,,
l-m-hardman,L M Hardman,,,,,
s-de-chambrier,S De Chambrier,,,,,
s-m-theiss,S M Theiss,,,,,
v-haukisalmi,V Haukisalmi,,,,,
e-j-petuch,E J Petuch,,,,,
y-sun,Y Sun,,Q21502820,Yanan_Sun,,
c-j--burwell,C J  Burwell,,,,,
k-l-mackenzie,K L Mackenzie,,,,,
m-mackenzie,M Mackenzie,,,,,
m-a-mont,M A Mont,,,,,
r-de-keyze,R De Keyze,,Q21390771,Roger_de_Keyzer,Roger_De_Keyzer,
j-moreira,J Moreira,,Q22106681,Juan_Moreira,,
a-m-hosie,A M Hosie,0000-0002-5683-662X,Q22103095,Andrew_M._Hosie,,
a-valdes,A Valdes,0000-0002-2347-4896,Q54503326,,,
g-a-kolbasov,G A Kolbasov,,Q21395538,Gregory_A._Kolbasov,,
j-zanol,J Zanol,,,,,
r-l-zuparko,R L Zuparko,,,,,
t-dos-s-c-da-silva,T Dos S C Da Silva,,,,,
a-mather,A Mather,,,,,
w-p-maddison,W P Maddison,,Q22111224,Wayne_P._Maddison,,
g-n-r-forteath,G N R Forteath,,,,,
k-s-nadein,K S Nadein,,,,,
a-bloechl,A Bloechl,,,,,
a-bopiah,A Bopiah,,,,,
j-resasco,J Resasco,,,,,
s-koenemann,S Koenemann,,,,,
a-goldarazena,A Goldarazena,,,,,
g-r-bauchan,G R Bauchan,,Q25796478,Gary_R._Bauchan,,
p-hlavac,P Hlavac,,Q21339070,Peter_Hlaváč,,35047200-8327-44AB-8C15-FF12C1A55805
s-v-pinzon-navarro,S V Pinzon Navarro,,,,,
l-lopardo,L Lopardo,,,,,
a-stepien,A Stepien,,,,,
r-j-kohout,R J Kohout,,,,,
k-b-nascimento,K B Nascimento,,,,,
k-h-fehlauer-ale,K H Fehlauer-Ale,0000-0002-6617-2062,Q54488931,,,
d-vandenspiegel,D Vandenspiegel,,,,,
r-giblin-davis,R Giblin Davis,,,,,
k-m-lipp,K M Lipp,,Q28788086,Kelly_M._Lipp,,
l-hendrich,L Hendrich,,Q21337428,Lars_Hendrich,,
m-balke,M Balke,,,,,
m-michael-balke,M Michael Balke,,,,,
m-olmi,M Olmi,,,,,
m-schiffer,M Schiffer,,,,,
n-porch,N Porch,,,,,
o-hawlitschek,O Hawlitschek,,,,,
s-f-mcevey,S F McEvey,0000-0002-7747-789X,Q47504599,,,
a-ly,A Ly,,,,,
d-restuccia,D Restuccia,,,,,
y-duan,Y Duan,,,,,
a-b-rowald,A B Rowald,0000-0003-0089-5919,Q8194364,Alexander_Borissovitch_Doweld,,
y-nagano,Y Nagano,,,,,
e-hassan,E Hassan,,,,,
g-j-svenson,G J Svenson,,,,,
j--kolibac,J  Kolibac,,Q21337940,Jiří_Kolibáč,Jiri_Kolibac,BD32F188-E1F3-4782-ACB4-7ACA2A3DD250
m-severns,M Severns,,,,,
r-gerstmeier,R Gerstmeier,,,,,
s-j-fahey,S J Fahey,,,,,
t-lackner,T Lackner,,,,,
c-l-deeleman-reinhold,C L Deeleman Reinhold,,,,,
a-zhadan,A Zhadan,,Q21394058,Anna_Zhadan,,
k-shibukawa,K Shibukawa,,,,,
n-ameziane,N Ameziane,,,,,
c-g--messing,C G  Messing,,,,,
a-ewart,A Ewart,,,,,
j-c-olive,J C Olive,,,,,
l-popple,L Popple,,,,,
l-w-popple,L W Popple,0000-0001-8630-3114,Q54666313,Lindsay_W._Popple,,
a-d-geheber,A D Geheber,,,,,
a-r-dunz,A R Dunz,,,,,
k-dragova,K Dragova,,,,,
v-i-ovtcharenko,V I Ovtcharenko,,,,,
z-jafaar,Z Jafaar,,,,,
m-j-steinbauer,M J Steinbauer,0000-0002-0345-2905,Q51594427,,,
j-p-tuttle,J P Tuttle,,,,,
g-theischinger,G Theischinger,0000-0002-5207-2626,Q21338963,Günther_Theischinger,Gunther_Theischinger,EC98F798-4167-436E-BE79-FB50F8733EC5
e-suarez-morales,E Suarez Morales,,,,,
m-t-guzik,M T Guzik,,,,,
s-hori,S Hori,,,,,
n-r-delventhal,N R Delventhal,,,,,
p-keith,P Keith,,,,,
d-j-buckle,D J Buckle,,,,,
d-kalfatak,D Kalfatak,,,,,
j-herler,J Herler,,,,,
a-botero,A Botero,,,,,
g-simons,G Simons,,,,,
g-stahls,G Stahls,0000-0003-0505-0691,Q21341630,Gunilla_St%C3%A5hls,,
h-philippe,H Philippe,,,,,
a-e-leung,A E Leung,,,,,
n-n-kilgallen,N N Kilgallen,,,,,
r-peart,R Peart,,,,,
m-steinbauer,M Steinbauer,0000-0002-0345-2905,Q51594427,,,
j-e-royer,J E Royer,,,,,
j-mccrae,J Mccrae,,,,,
d-a-abdo,D A Abdo,,,,,
e-e-pulis,E E Pulis,0000-0002-1695-7953,Q54670723,,,
n-m-kilgallen,N M Kilgallen,,Q21393988,Niamh_M._Kilgallen,,
r-a-peart,R A Peart,,,,,
d-l-geiger,D L Geiger,,,,,
j-stastny,J Stastny,,,,,
b-roudnew,B Roudnew,,,,,
a-kostro-ambroziak,A Kostro Ambroziak,,,,,
f-moravec,F Moravec,,,,,
l-kaila,L Kaila,0000-0003-0277-1872,Q21077762,Lauri_Kaila,,36281398-B1A4-4B14-9D19-DA43403F9A14
f-criscione,F Criscione,,,,,
r-j-teale,R J Teale,,,,,
s-stankowski,S Stankowski,,,,,
v-p-prirodina,V P Prirodina,,,,,
e-vigneux,E Vigneux,,,,,
l-taillebois,L Taillebois,,,,,
a-v-gorochov,A V Gorochov,,,,,
m-f-braby,M F Braby,,,,,
w-gladstone,W Gladstone,0000-0003-4517-4605,Q54752313,,,
a-h-thornhill,A H Thornhill,0000-0002-0325-5725,Q54519554,,,
c-restrepo-ortiz,C Restrepo Ortiz,,,,,
g-nordlander,G Nordlander,,,,,
i-l-f-magalhaes,I L F Magalhaes,,,,,
j-selfa,J Selfa,,,,,
k-n-schick,K N Schick,,,,,
l-gershwin,L Gershwin,0000-0003-1254-725X,Q18107406,Lisa-ann_Gershwin,Lisa-ann_Gershwin,D9079404-5BA9-4A25-B48B-BF90C8AB0A70
l--a-gershwin,L -A Gershwin,0000-0003-1254-725X,Q18107406,Lisa-ann_Gershwin,Lisa-ann_Gershwin,D9079404-5BA9-4A25-B48B-BF90C8AB0A70
p-dostine,P Dostine,,Q25444208,Peter_Dostine,,
j-v-(eds)-remsen-jr,J V (Eds) Remsen Jr,,,,,
p-michalik,P Michalik,,,,,
s-klopfstein,S Klopfstein,0000-0002-4025-975X,Q25441139,Seraina_Klopfstein,Seraina_Klopfstein,4F22C48F-2D0E-4554-95C9-01D2635E3146
j-a-cammack,J A Cammack,,,,,
m-e-lazuardi,M E Lazuardi,,,,,
p-rahardjo,P Rahardjo,,,,,
s-pardede,S Pardede,,,,,
b-yeeting,B Yeeting,,,,,
j-l-stehlik,J L Stehlik,,,,,
l-a-ballantyne,L A Ballantyne,,,,,
c-h-jeffery,C H Jeffery,,,,,
c-k-blend,C K Blend,,,,,
l-p-pedler,L P Pedler,,,,,
m-sakurai,M Sakurai,,,,,
m-ferrer-suay,M Ferrer Suay,,,,,
n-mata-cassanova,N Mata Cassanova,,,,,
r-guerrero,R Guerrero,,,,,
s-j-scheffer,S J Scheffer,,,,,
v-m-gnezdilov,V M Gnezdilov,,,,,
a-s-thandar,A S Thandar,,,,,
h-macintosh,H Macintosh,,,,,
y-samyn,Y Samyn,,,,,
d-l-de-queiroz,D L De Queiroz,,,,,
k-nagasawa,K Nagasawa,0000-0002-6492-1656,Q55729042,,,
j-elmberg,J Elmberg,,,,,
p-blias,P Blias,,,,,
r-r-copley,R R Copley,,,,,
r-borovec,R Borovec,,,,,
a--penas,A  Penas,,,,,
c-g-gocke,C G Gocke,,,,,
d-janussen,D Janussen,,,,,
e--rolan,E  Rolan,,,,,
s-triapitsyn,S Triapitsyn,,,,,
k-charlton-robb,K Charlton Robb,,,,,
a-i-cognato,A I Cognato,,,,,
b-l-doti,B L Doti,,,,,
j-thormar,J Thormar,,,,,
k-tachihara,K Tachihara,,Q21389390,Katsunori_Tachihara,,
m-e-alfaro,M E Alfaro,0000-0002-8898-8230,Q45340919,,,
t-m-boesgaard,T M Boesgaard,,,,,
a-muljadi,A Muljadi,,,,,
e-f-a-toussaint,E F A Toussaint,,,,,
t-krapp-schickel,T Krapp Schickel,,,,,
a-s-nyari,A S Nyari,,,,,
s-mckechnie,S Mckechnie,,,,,
m-hassan,M Hassan,,,,,
m-e-siddall,M E Siddall,,,,,
m-tessler,M Tessler,,,,,
r-rood-goldman,R Rood Goldman,,,,,
s-barmos,S Barmos,,,,,
n-o-dronen,N O Dronen,,,,,
j-b-bae,J B Bae,,,,,
j-sellanes,J Sellanes,,,,,
y-j-bae,Y J Bae,,,,,
b-locker,B Locker,,Q21338816,Birgit_Löcker,,
h-locker,H Locker,,,,,
j-constant,J Constant,,,,,
r-b-emlet,R B Emlet,,,,,
m-k-a-mcnamara,M K A Mcnamara,,,,,
m-v-kozlov,M V Kozlov,,Q21077807,Mikhail_Vasilievich_Kozlov,,839CF97C-0841-49F3-A465-308C1D726268
s-watharow,S Watharow,,,,,
p-e-mcmaugh,P E Mcmaugh,,,,,
a-ballerio,A Ballerio,,,,,
g-muricy,G Muricy,,,,,
i-shamshev,I Shamshev,,,,,
m-fikacek,M Fikacek,0000-0002-2078-6798,Q21394010,Martin_Fik%C3%A1%C4%8Dek,,E1A02744-41A2-4B9C-A127-B78F0D812637
l-a-rocha,L A Rocha,,,,,
l-rocha,L Rocha,,,,,
m-a-wall,M A Wall,,,,,
n-gunter,N Gunter,0000-0002-8355-0862,Q34257465,Nicole_L._Gunter,Nicole_Gunter,6D94AFC3-7084-4BF4-A9B6-B44B60606834
g-x-qiao,G X Qiao,,,,,
b-heinrich,B Heinrich,,,,,
e-fernandez-pulpeiro,E Fernandez Pulpeiro,,,,,
j-souto,J Souto,,,,,
o-reverter-gil,O Reverter Gil,,,,,
r-hoser,R Hoser,,,,,
r-t-hoser,R T Hoser,,,,,
w-wuster,W WUster,0000-0002-4890-4311,Q8030146,Wolfgang_Wüster,,
w-niedbala,W Niedbala,,Q21390128,Wojciech_Niedbała,,
s-j-salazar-vallejo,S J Salazar Vallejo,,,,,
j-j-ter-poorten,J J Ter Poorten,,,,,
d-c-kritsky,D C Kritsky,,,,,
d-i-cartwright,D I Cartwright,,,,,
a-e-seago,A E Seago,,Q21337807,Ainsley_Seago,,2148EC18-85A0-498A-8C21-98B2FC903C4F
b-fiasca,B Fiasca,,Q25441996,Barbara_Fiasca,,
m-dole-olivier,M Dole Olivier,,Q25442024,Marie-José_Dole-Olivier,,
m-p-galassi,M P Galassi,,Q21340579,Diana_M.P._Galassi,,
j-proszynski,J Proszynski,,,,,
t-a-jefferson,T A Jefferson,,,,,
n-l-gunter,N L Gunter,0000-0002-8355-0862,Q34257465,Nicole_L._Gunter,Nicole_Gunter,6D94AFC3-7084-4BF4-A9B6-B44B60606834
r-kundrata,R Kundrata,,,,,
j-s-edgerly,J S Edgerly,,,,,
j-little,J Little,,,,,
j-h-mynott,J H Mynott,,Q28484228,Julia_H._Mynott,,
m-okamoto,M Okamoto,,Q22106939,Makoto_Okamoto,,92E79976-D7BB-40DE-BE6A-EEDE50B2D693
m-tavares,M Tavares,0000-0002-7186-5787,Q54528181,,,
k-d-b-ukuwela,K D B Ukuwela,,,,,
m-a-a-burger,M A A Burger,,,,,
m-burger,M Burger,,,,,
a-barrio,A Barrio,,,,,
e-borda,E Borda,,,,,
y-n-minoshima,Y N Minoshima,,,,,
m-capa,M Capa,0000-0002-5063-7961,Q30743385,María_Capa,,
s-c-donellan,S C Donellan,0000-0002-5448-3226,Q19872955,Stephen_C._Donnellan,Steve_Donnellan,DC7E061E-B69D-4441-AB80-5C45425145D0
p-r-langlands,P R Langlands,,,,,
j-trondle,J Trondle,,,,,
m-javidkar,M Javidkar,,Q29109298,Mohammad_Javidkar,,
p-maestrati,P Maestrati,,,,,
r-a-salisbury,R A Salisbury,,,,,
z-olszanowski,Z Olszanowski,,,,,
c-w-wheat,C W Wheat,,,,,
h-shima,H Shima,,,,,
b-parslow,B Parslow,,Q21393514,Ben_Parslow,,3E79A715-1A7B-4D3A-8777-644F8E6CA2F1
j-stiller,J Stiller,,,,,
m-schweizer,M Schweizer,,,,,
s-g-storer,S G Storer,,Q21388340,Caroline_G._Storer,,
j-ten-have,J Ten Have,,,,,
s-g-rhind,S G Rhind,,Q22114116,S.G._Rhind,,
a-baynes,A Baynes,,,,,
a-e-migotto,A E Migotto,,,,,
a-iglikowska,A Iglikowska,,,,,
a-koenders,A Koenders,0000-0003-1679-3546,Q54642911,Annette_Koenders,,
i-schon,I Schon,,Q21392941,Isa_Schön,,
l-ordunna-martinez,L Ordunna Martinez,,,,,
p-bail,P Bail,,,,,
m-o'connell,M O'connell,,,,,
d-haouchar,D Haouchar,,,,,
m-bunce,M Bunce,,,,,
j-t-oberski,J T Oberski,0000-0002-4904-4464,Q25440491,Jill_Oberski,,
m-j-coblens,M J Coblens,,Q25440485,Michelle_Coblens,,
r-h-quay,R H Quay,,,,,
w-hebron,W Hebron,,,,,
z-r-popkin-hall,Z R Popkin Hall,,Q25440480,Zachary_Popkin-Hall,,
e-demir,E Demir,,,,,
i-g-brennan,I G Brennan,,Q22104523,Ian_G._Brennan,,
d-j-gwiazdowicz,D J Gwiazdowicz,,,,,
t-y-mutton,T Y Mutton,,,,,
j-h-skevington,J H Skevington,,,,,
p-jager,P Jager,,,,,
f-vervaet,F Vervaet,,,,,
m-thoma,M Thoma,,,,,
p-l-van-pel,P L Van Pel,,,,,
p-recourt,P Recourt,,,,,
r-whyte,R Whyte,,Q7351035,Robert_Whyte,,
j-parapar,J Parapar,0000-0001-7585-6995,Q43109360,Julio_Parapar,,
a-v-martynov,A V Martynov,,,,,
h-c-rosenbaum,H C Rosenbaum,,,,,
n-vidal,N Vidal,,Q22110256,Nicolas_Vidal,Nicolas_Vidal,
c-ruta,C Ruta,,,,,
d-a-taggart,D A Taggart,,,,,
r-ehrmann,R Ehrmann,,,,,
l-c-da-rocha-filho,L C Da Rocha Filho,,,,,
m-s-engel-and-t-l-griswold-v-h-gonzalez,M S Engel And T L Griswold V H Gonzalez,,,,,
f-turco,F Turco,,,,,
m-a-bologna,M A Bologna,,,,,
d-a-grimaldi,D A Grimaldi,,,,,
m-okanishi,M Okanishi,,,,,
d-i-lauko,D I Lauko,,,,,
h-a-wiesner,H A Wiesner,,,,,
m-skoracki,M Skoracki,,Q21337924,Maciej_Skoracki,Maciej_Skoracki,3117CDFD-AAFF-4315-B36C-C7DEEF4EA0DB
a-jabbar,A Jabbar,0000-0001-8888-0046,Q38804899,,,
d-difei-li,D Difei Li,,,,,
f-huby-chilton,F Huby Chilton,,,,,
a-h-burbidge,A H Burbidge,,,,,
b-appleton,B Appleton,,,,,
a-&-amey,A & Amey,,,,,
g-bourke,G Bourke,,Q25440224,Gayleen_Bourke,,
j-s-sistrom,J S Sistrom,,,,,
m-j-sistrom,M J Sistrom,,,,,
s-a-hocknull,S A Hocknull,,,,,
e-m-kurniasih,E M Kurniasih,,,,,
p-d-purtiwi,P D Purtiwi,,,,,
a-e-noack,A E Noack,,,,,
c-h-moeseneder,C H Moeseneder,0000-0002-6718-1913,Q58227265,Christian_H._Moeseneder,,
p-bulirsch,P Bulirsch,,,,,
a-bordoni,A Bordoni,,Q21338075,Arnaldo_Bordoni,,9911781E-4AC6-4ED0-B5CA-0E7DAF1B92FE
a-solodovnikov,A Solodovnikov,0000-0003-2031-849X,Q50133063,Alexey_Yu._Solodovnikov,,E56B0FF6-38F5-48D7-A5C1-0EA071EB4A99
j-jenkins-shaw,J Jenkins Shaw,,,,,
g-i-holwell,G I Holwell,,Q21393625,Gregory_I._Holwell,,
a-georges,A Georges,0000-0003-2428-0361,Q19844770,Arthur_Georges,Arthur_Georges,EFBA1E34-51AF-49E9-B933-D92D4900B9B4
a-kitchingman,A Kitchingman,,,,,
a-steelcable,A Steelcable,,,,,
t-b-reardon,T B Reardon,,,,,
a-m-dekkers,A M Dekkers,,,,,
d-p-berschauer,D P Berschauer,,,,,
f-uiblein,F Uiblein,0000-0002-5642-0384,Q54569043,,,
c-buxton,C Buxton,,,,,
t-fujii,T Fujii,0000-0003-0799-8953,Q47286924,,,
y-zeng,Y Zeng,,,,,
m--c-durette-desset,M  C Durette Desset,,,,,
m-c-digiani,M C Digiani,,,,,
m-c-durette-desset,M C Durette Desset,,,,,
m-hoenemann,M Hoenemann,,,,,
m-l-kwak,M L Kwak,,Q25796348,MacKenzie_L._Kwak,,
m-t-neiber,M T Neiber,,,,,
s-nyein,S Nyein,,,,,
g-logiudice,G Logiudice,,,,,
g-j-prideaux,G J Prideaux,,,,,
p--l-ardisson,P  L Ardisson,,,,,
v-g-chavtur,V G Chavtur,,,,,
s-carthew,S Carthew,,,,,
p-pedraza,P Pedraza,,,,,
v-a-vanstone,V A Vanstone,,,,,
w-wanjura,W Wanjura,,,,,
j-makinson,J Makinson,,,,,
a-jakiel,A Jakiel,,,,,
l-rebecchi,L Rebecchi,0000-0001-5610-806X,Q42783102,,,
e-k-kupriyanova,E K Kupriyanova,,Q21392602,Elena_K._Kupriyanova,Elena_Kupriyanova,
j-m-d-m-nogueira,J M D M Nogueira,,,,,
m-a-tovar-hernandez,M A Tovar-Hernández,0000-0002-5263-2830,,,,
h-a-ten-hove,H A Ten Hove,,Q21392614,Harry_A._ten_Hove,,
k--handeler,K  Handeler,,,,,
k-stemmer,K Stemmer,,,,,
d-s-amorim,D S Amorim,,,,,
o-kurina,O Kurina,0000-0002-4858-4629,Q12371383,Olavi_Kurina,,
m-e-daneliya,M E Daneliya,,,,,
c-sim-smith,C Sim Smith,,,,,
m-e-shuttleworth,M E Shuttleworth,,,,,
m-shuttleworth,M Shuttleworth,,,,,
g-san-martin,G San Martin,,Q22108140,Guillermo_S._Martín,,
k-dixon-bridges,K Dixon Bridges,,,,,
p-p-tinerella,P P Tinerella,,,,,
t-bakken,T Bakken,,Q21391659,Torkild_Bakken,,
m-zabka,M Zabka,,Q3846783,Marek_Michał_Żabka,,
g-r-s-ruiz,G R S Ruiz,,,,,
s-pekar,S Pekar,,,,,
j-m-m-nogueira,J M M Nogueira,,Q22103680,João_M._de_M._Nogueira,,
y-kameda,Y Kameda,,,,,
d-iwan,D Iwan,,,,,
d-darms,D Darms,,,,,
e-s-volschenk,E S Volschenk,,,,,
r-shearn,R Shearn,,Q21392925,Rylan_Shearn,,
c-a-boring,C A Boring,,Q21394168,Charles_Andrew_Boring,,
g-d-alpert,G D Alpert,,,,,
m-herrmann,M Herrmann,,,,,
m-p-marrow,M P Marrow,,,,,
s-l-boyer,S L Boyer,,Q21502563,Sarah_L._Boyer,,
p-r-moller,P R Moller,,,,,
w-schwarzhans,W Schwarzhans,,,,,
w-w-schwarzhans,W W Schwarzhans,,,,,
m-yabe,M Yabe,,,,,
a-a--namyatova,A A  Namyatova,,,,,
a-a-namyatova,A A Namyatova,,,,,
c-weirauch,C Weirauch,,,,,
k-menard,K Menard,,Q21390445,Katrina_L._Menard,,
a-wolski,A Wolski,,Q22103434,Andrzej_Wolski,,
a--mututantri,A  Mututantri,,,,,
ch-weirauch,Ch Weirauch,,,,,
m-a-elias,M A Elias,,,,,
m-tio,M Tio,,,,,
l-krogmann,L Krogmann,,,,,
y-sen-dunlop,Y Sen Dunlop,,,,,
m-blazewicz-paszkowycz,M Blazewicz Paszkowycz,,,,,
r-bertolani,R Bertolani,,,,,
d-t-drumm,D T Drumm,,,,,
m-blazewicz-paszkowyczb,M Blazewicz Paszkowyczb,,,,,
l--o-sanoamuang,L  O Sanoamuang,,Q21391408,Laorsri_Sanoamuang,,
m-trinh-dang,M Trinh Dang,,,,,
a-muuray,A Muuray,,,,,
j-gomez-zurita,J Gomez Zurita,,,,,
k-fitzhugh,K Fitzhugh,,,,,
l-faroni-perez,L Faroni Perez,,Q21393989,Larisse_Faroni-Perez,,
k-a-meiklejohn,K A Meiklejohn,,,,,
v-scarabino,V Scarabino,,,,,
m-schuller,M Schuller,,,,,
j-olah,J Olah,,,,,
k-a-johanson,K A Johanson,0000-0002-1893-3429,Q21388944,Kjell_Arne_Johanson,Kjell_Johanson,
m-kallsen,M Kallsen,,,,,
c-vilvens,C Vilvens,,,,,
m-g-ekins,M G Ekins,,,,,
t-marcroft,T Marcroft,,,,,
e-naro-maciel,E Naro Maciel,,,,,
w-p-mccord,W P Mccord,,,,,
j-pamungkas,J Pamungkas,,,,,
i-j-garzon-orduna,I J Garzon Orduna,,Q22106904,Ivonne_J._Garzón-Orduña,,
j-purser,J Purser,,,,,
l-a-stange,L A Stange,,,,,
a-j-trotter,A J Trotter,,Q29560795,Andrew_J._Trotter,,
m--tkoc,M  Tkoc,0000-0001-8171-9444,Q54685286,,,
k-farnier,K Farnier,,,,,
e-schirtzinger,E Schirtzinger,,,,,
g-r-curler,G R Curler,,,,,
j--jezek,J  Jezek,,,,,
j-v-penalba,J V Penalba,,,,,
h--heiniger,H  Heiniger,,,,,
h-heiniger,H Heiniger,,,,,
i-i-al-hakim,I I Al Hakim,,,,,
r-arrigoni,R Arrigoni,,,,,
s-montano,S Montano,,,,,
k-k-bineesh,K K Bineesh,,,,,
k-v-akhilesh,K V Akhilesh,,,,,
h-imai,H Imai,,Q23661075,Hideyuki_Imai,,
f-e-rheindt,F E Rheindt,,,,,
m-r-deveney,M R Deveney,,,,,
g-c-kearn,G C Kearn,,,,,
g-kearn,G Kearn,,,,,
r-evans-gowing,R Evans Gowing,,,,,
a-l-talaba,A L Talaba,,,,,
i-j-lovette,I J Lovette,,,,,
j-k-rofle,J K Rofle,,,,,
l-keally,L Keally,,,,,
s-mecke,S Mecke,0000-0003-0085-3364,Q23068740,Sven_Mecke,Sven_Mecke,
f-benzoni,F Benzoni,,,,,
k-m-abrams,K M Abrams,,,,,
n-mobjerg,N Mobjerg,0000-0002-5845-9047,Q54721374,,,
p-jozwiak,P Jozwiak,,,,,
r-guidetti,R Guidetti,0000-0001-6079-2538,Q42821604,,,
a-serrano,A Serrano,0000-0003-4282-6073,Q54670192,,,
m-cesari,M Cesari,0000-0001-8857-3791,Q56437932,,,
o-carrerette,O Carrerette,,Q21390877,Orlemir_Carrerette,,
p-fontoura,P Fontoura,0000-0001-7266-3119,Q42890051,,,
v-a-korneyev,V A Korneyev,,,,,
g-amato,G Amato,,,,,
e-vives,E Vives,,,,,
d-r-gustafsson,D R Gustafsson,,,,,
t-iwamoto,T Iwamoto,,,,,
m-hackel,M Hackel,,Q27990027,Martin_Häckel,,
e-l-mockford,E L Mockford,,,,,
c-p-arango,C P Arango,0000-0003-1098-830X,,,,
g-brenneis,G Brenneis,,,,,
b-maryam,B Maryam,,,,,
w-p-strumpher,W P Strumpher,,Q21394523,Werner_P._Strümpher,,
r-grimm,R Grimm,,,,,
c-taekul,C Taekul,,,,,
e-kauschke,E Kauschke,,Q21391518,Ellen_Kauschke,,
g-mineo,G Mineo,,,,,
j-worthington-wlimer,J Worthington Wlimer,,,,,
k-rajmohana,K Rajmohana,,,,,
w-mohrig,W Mohrig,,Q21341669,Werner_Mohrig,,
r-j-pivar,R J Pivar,,Q25444795,Robert_J._Pivar,,
h-segers,H Segers,0000-0001-5399-3657,Q18639240,Hendrik_Segers,Hendrik_Segers,87EC548A-468B-47E1-A906-7FA56D3E062F
s-scarabino,S Scarabino,,,,,
a-a-valerio,A A Valerio,,Q21387537,Alejandro_A._Valerio,,E4B936BE-5F7D-4A22-B9E7-D237BBDE45EB
m-masumoto,M Masumoto,,Q21338919,Masami_Masumoto,,
p-szymkowiak,P Szymkowiak,0000-0002-4062-7073,Q22107616,Paweł_Szymkowiak,,
a-runagall-mcnaull,A Runagall Mcnaull,,,,,
e-guilbert,E Guilbert,,,,,
r-shofner,R Shofner,,,,,
m-doganlar,M Doganlar,,,,,
p-j-sirvid,P J Sirvid,,,,,
a-d-brescovit,A D Brescovit,,Q2857261,Antonio_Domingos_Brescovit,Antonio_Brescovit,D5B81D79-AFAE-47B1-8A6E-DAB448A24BCC
b-m-patoleta,B M Patoleta,0000-0002-6931-7597,Q21387754,Barbara_Maria_Patoleta,,
b-patoleta,B Patoleta,0000-0002-6931-7597,Q21387754,Barbara_Maria_Patoleta,,
j-a-lieschke,J A Lieschke,,,,,
j-unno,J Unno,,,,,
o-kudlai,O Kudlai,,,,,
v-semeniuk,V Semeniuk,,,,,
f-cherot,F Cherot,,Q22108985,Frédéric_Chérot,,
m--elias,M  Elias,,,,,
r-hosseini,R Hosseini,,,,,
t-yato,T Yato,,,,,
a-m-giroti,A M Giroti,,Q28701117,André_M._Giroti,,
s-crews,S Crews,,,,,
e-nichi,E Nichi,,,,,
o-lomholdt,O Lomholdt,,,,,
w-j-pulawski,W J Pulawski,,,,,
m-ohl,M Ohl,,,,,
t-h-dorfel,T H Dorfel,,,,,
s-okajima,S Okajima,,Q21338062,Shûji_Okajima,,
s-a-appleyard,S A Appleyard,,Q23661099,Sharon_A._Appleyard,,
m-reemer,M Reemer,,,,,
x-mengual,X Mengual,,,,,
d-l-queiroz,D L Queiroz,,,,,
d-ouvrard,D Ouvrard,,,,,
r-r-askew,R R Askew,,,,,
k-bromberek,K Bromberek,,,,,
d-j-tree,D J Tree,,Q21393199,Desley_J._Tree,,
l--h-dang,L  H Dang,,,,,
l--x-eow,L  X Eow,,,,,
d-j--tree,D J  Tree,,Q21393199,Desley_J._Tree,,
m-r-ulitzka,M R Ulitzka,,,,,
s-a-ryabov,S A Ryabov,,,,,
u-eitschberger,U Eitschberger,,,,,
v-v-zolotuhin,V V Zolotuhin,,,,,
m-a-castalanelli,M A Castalanelli,,,,,
m-hollmann,M Hollmann,,,,,
t-huelsken,T Huelsken,,,,,
p-alvarez-campos,P Alvarez Campos,,Q21502436,Patricia_Álvarez-Campos,,
p-lattig,P Lattig,,,,,
d-osterhage,D Osterhage,,Q23661098,Deborah_Osterhage,,
j-hulcr,J Hulcr,,Q21390848,Jiri_Hulcr,,
j-w-breinholt,J W Breinholt,,Q21388345,Jesse_W._Breinholt,,
b-mollet,B Mollet,,,,,
d-l-rabosky,D L Rabosky,,Q28735317,Daniel_L._Rabosky,,
g-w-schuett,G W Schuett,,,,,
z-jindra,Z Jindra,,,,,
a-santos-silva,A Santos Silva,,,,,
d-heffern,D Heffern,,,,,
d-w-de-little,D W De Little,,,,,
g-silvestre,G Silvestre,,,,,
l-pabriks,L Pabriks,,,,,
l-ragionieri,L Ragionieri,,,,,
a-venchi,A Venchi,,Q21339292,Alberto_Venchi,,
k-krishna,K Krishna,,,,,
k-p-bland,K P Bland,,,,,
r-lyszkowski,R Lyszkowski,,,,,
v-krishna,V Krishna,,,,,
j-p-caceres-chamizo,J P Caceres Chamizo,,Q41529643,Julia_P._Cáceres-Chamizo,,
j-sanner,J Sanner,,Q21393276,JoAnn_Sanner,,
r-h-scheffrahn,R H Scheffrahn,,,,,
v-michelsen,V Michelsen,,,,,
j-bloszyk,J Bloszyk,,,,,
a-n-ostrovsky,A N Ostrovsky,,Q23068721,Andrew_N._Ostrovsky,,
r-jocque,R Jocque,,Q3446797,Rudy_Jocqué,Rudy_Jocque,CF15016C-8CD1-4C9D-9021-44CA7DC7A5D5
a-riesgo,A Riesgo,0000-0002-7993-1523,Q54588354,Ana_Riesgo,,
p-goonan,P Goonan,,,,,
u-scheller,U Scheller,,,,,
a-napierala,A Napierala,,,,,
m-dylewska,M Dylewska,,,,,
v-vilasri,V Vilasri,,,,,
e-glowska,E Glowska,,Q21337928,Eliza_Glowska,,
i-laniecka,I Laniecka,,,,,
j-otley,J Otley,,,,,
k-koeda,K Koeda,,Q21389381,Keita_Koeda,,
s-shinomiya,S Shinomiya,,,,,
g-ogihara,G Ogihara,,,,,
m-matsunuma,M Matsunuma,0000-0002-9061-1598,Q21392303,Mizuki_Matsunuma,Mizuki_Matsunuma,
p-bearez,P Bearez,,,,,
p-musikasinthorn,P Musikasinthorn,,,,,
s-arbsuwan,S Arbsuwan,,,,,
e-slipinska,E Slipinska,,,,,
s-sanguansub,S Sanguansub,,Q21391805,Sunisa_Sanguansub,Sunisa_Sanguansub,
z-komiya,Z Komiya,,,,,
a-anichtchenko,A Anichtchenko,,Q21390821,Alexander_Anichtchenko,,
k-meißner,K Meißner,,Q21394000,Karin_Meißner,,
m-gotting,M Gotting,,Q21394006,Miriam_Götting,,
v-i-radashevsky,V I Radashevsky,,Q21394034,Vasily_I._Radashevsky,,
j-grego,J Grego,,,,,
a-j-poustka,A J Poustka,,,,,
l-l-moroz,L L Moroz,,,,,
